Baton cereale Corny Activ,1,1,1,0,0,349,7.1,13.7,46.1,16.8
Baton cereale cu cacao Winny,1,1,1,0,0,389,7,6.8,74,3.2
Baton cereale cu ciocolata Aptonia,1,1,1,0,0,424,7,14,67.5,5.2
Baton cereale cu ciocolata fara zahar Corny,1,1,1,0,0,325,6.4,10.4,66.3,3.3
Baton cereale cu ciocolata Nestle Fitness,1,1,1,0,0,393,5.8,3.9,70.7,4.3
Baton cereale cu fructe rosii Aptonia,1,1,1,0,0,389,5.3,8.9,71.8,4.2
Baton cereale cu mere si pere Stilla Fitness,1,1,1,0,0,350,7.2,5,72,0
Baton cereale cu piersici si caise Stilla Fitness,1,1,1,0,0,339,6.3,5,70,0
Baton cereale integrale cu fructe tropicale si iaurt Rommac,1,1,1,0,0,321,6,2,77,10
Baton cereale Lion Nestle,1,1,1,0,0,402,8.3,5.6,77.2,4.8
Baton cereale si cacao Mulino Bianco,1,1,1,0,0,447,7.5,19,61.5,7.5
Baton cereale Special K,1,1,1,0,0,383,8,5,77,2
Baton cereale Winny,1,1,1,0,0,396,5.9,7.2,76,3
Baton cu cereale miere si seminte Rommac,1,1,1,0,0,389,6.1,4.8,80,3
Baton cu cereale  miere  mere si caise Rommac,1,1,1,0,0,384,7.8,3.5,80.5,2.5
Baton cu cereale  miere  visine si catina Rommac,1,1,1,0,0,381,5.9,4.6,80,3
Baton cu ciocolata si musli crocant Hahne,1,1,1,0,0,423,9.2,15.3,58.4,7.7
Baton cu muesli si caise FirstNice,1,1,1,0,0,374,4.3,7.7,71,0
Baton cu musli si alune Big Free Corny,1,1,1,0,0,345,11.9,6.9,64.8,0
Baton cu musli si alune de padure Crip Crop,1,1,1,0,0,393,6.9,14.4,61.8,0
Baton cu musli si alune Fit & Activ Riegel,1,1,1,0,0,406,9.2,15.2,58,8
Baton cu musli  banana si ciocolata Crip Crop Crunchy,1,1,1,0,0,442,8,18,62,0
Baton cu musli  caise si iaurt FirstNice,1,1,1,0,0,396,4.6,15.3,60,0
Baton cu ovaz si fructe Activ Bar Rommac,1,1,1,0,0,321,6,2,77,10
Baton cu rez  porumb  susan expandate Nias,1,1,1,0,0,376,8.7,0.5,84.7,0
Baton de cereale ciocolata si coji de portocale Fitness Nestle,1,1,1,0,0,374,5.1,5.2,73.4,4
Baton de cereale fitness cu alune Stilla Fitness,1,1,1,0,0,358,7.6,11,65.6,0
Baton de cereale Fitness Nestle,1,1,1,0,0,382,5.1,7,74.8,13.4
Baton de cereale Morning Sun,1,1,1,0,0,445,4.9,19.8,61.9,4.4
Baton de cereale si capsuni Fitness Nestle,1,1,1,0,0,391,5.4,7.1,70.1,4.3
Baton de musli cu ciocolata Musli-Riegel Fit & Activ Plus,1,1,1,0,0,444,8.4,18,62,0
Baton de susan cu miere Rommac,1,1,1,0,0,524,13.5,30,50,4.8
Baton musli cereale si visine Nestle,1,1,1,0,0,382,5.8,7.2,67,4.5
Baton musli ciocolata stafide Nestle,1,1,1,0,0,401,5.6,9.8,70.4,0
Baton musli cu afine in glazura de iaurt Stilla Natura,1,1,1,0,0,350,4.9,11.3,60.2,0
Baton musli cu fructe de padure si glazura de iaurt Crip Crop,1,1,1,0,0,405,5.3,14.5,66.2,0
Baton musli cu merisoare de padure  zmeura cu glazura de iaurt Crip Crop,1,1,1,0,0,405,5.3,14.5,66.3,0
Baton musli cu zmeura First Nice,1,1,1,0,0,367,6.9,5.5,71.9,5
Baton musli lime si ciocolata Galaxy,1,1,1,0,0,417,6.9,17.6,58.6,5.5
Batonase hipoglucidice Dobrogea Group,1,1,1,0,0,110,3.8,1.3,20,0
Bautura din hrisca Bio Grano,1,1,1,0,0,57,0.6,1.5,10.2,0.5
Biscuiti  Maria integral Gullon,1,1,1,0,0,429,8,12,73.3,4.7
Biscuiti bogati in fibre Sunny Bisk Bokomo,1,1,1,0,0,353,13.1,1.6,77.2,12.6
Biscuiti Classico Grancereale Mulino Bianco,1,1,1,0,0,460,8,19.9,56.6,11
Biscuiti cu cereale integrale  stafide si visine Fit Ulpio ,1,1,1,0,0,427,7.6,15.2,61.6,3
Biscuiti cu susan si mac Croco Mix,1,1,1,0,0,470,26,12,61,0
Biscuiti digestivi cu prune  smochine si stafide ETI Burcak,1,1,1,0,0,417,8.4,19.4,52.2,11
biscuiti digestivi din faina integrala cu fulgi de ovaz  grau si chipsuri de ciocolata neagra Gullon,1,1,1,0,0,483,8.9,21.9,59.6,5.5
Biscuiti digestivi ETi Burcak,1,1,1,0,0,450,7,18,71,12
Biscuiti digestivi Gullon,1,1,1,0,0,480,6.9,21.3,65.2,2.6
Biscuiti digestivi Viva,1,1,1,0,0,451,7,19,63,7
Biscuiti fara sare si fara zahar adaugat  cu indulcitori Ligera Gullon,1,1,1,0,0,406,9.3,12.7,55.8,18.2
Biscuiti fara zahar bogati in fibre Korpovit,1,1,1,0,0,375,15.4,12.7,49.7,16
Biscuiti fara zahar Gullon,1,1,1,0,0,375,11.3,12.8,53.8,18.2
Biscuiti Frutta Mulino Bianco Grancereale,1,1,1,0,0,457,7.5,19.5,57.4,11
Biscuiti graham Baragan,1,1,1,0,0,350.5,14.1,9.3,52.6,0
Biscuiti Nutri-Grain Kelloggs,1,1,1,0,0,429,8.5,15,59,13
Biscuiti ovaz Ikea,1,1,1,0,0,496,4.8,24,62,0
Biscuiti petit biscotti Secchi,1,1,1,0,0,439,8.4,11.7,74.9,2.6
Biscuiti Salatini,1,1,1,0,0,490,8,25,61,1.4
Biscuti cu cereale Hipofita Plevnei,1,1,1,0,0,294,0,0,0,0
Biscuti cu cereale  lapte si stafide Tismana,1,1,1,0,0,455,7.1,18.2,70.5,9.3
Briosa,1,1,1,0,0,346,9.5,7.5,57.8,3.2
 Baton de ciocolata Chunky Kit Kat,1,1,1,0,0,525,5.4,28.8,61.2,0
 Biscuiti cu crema de frisca Ulpio,1,1,1,0,0,464.6,22.5,18.9,50,0
 Fursecuri de casa cu nuci ,1,1,1,0,0,557.5,16.5,51.7,11.5,5
 Inghetata de ciocoalta Minuto Betty Ice  ,1,1,1,0,0,123,1.5,3,22.7,0
Acadea pe bat,1,1,1,0,0,392,0,0,100,0
Alunite umplute cu crema de capsuni Olla,1,1,1,0,0,463,7,19,66,3
Aluntie umplute cu crema de vanilie Olla,1,1,1,0,0,469,7,19,66,3
Amandina,1,1,1,0,0,243.6,6,9.3,35.1,0.8
Arahide in ciocolata Big Ben,1,1,1,0,0,503,7.4,24,62,2.3
Arahide in ciocolata Clickos,1,1,1,0,0,492,7.8,25,59,0
Baclava,1,1,1,0,0,490,5,36,36,0
Baclava Tatlici Safa ,1,1,1,0,0,398,4.6,17.7,56.3,1.3
Banane de ciocolata Bella,1,1,1,0,0,383,1.8,11.3,67.9,2.8
Batoane dietetice caramel Gerlinea,1,1,1,0,0,382.3,24.7,11,46.9,4.7
Batoane dietetice ciocolata Gerlinea,1,1,1,0,0,382.3,25,11.1,46.5,4.8
Batoane dietetice cu caramel Gerlinea (Spania),1,1,1,0,0,322,35,6.7,29.1,15.1
Batoane dietetice cu ciocolata Gerlinea (Spania),1,1,1,0,0,323,35,6.8,29.1,14.7
Batoane dietetice cu menta si ciocolata Gerlinea,1,1,1,0,0,335,25.3,8.3,33.7,22.4
Batoane proteice  cu ciocolata si portocale Gerlinea,1,1,1,0,0,404,23,15,45.7,5.2
Batoane proteice cu ciocolata alba Gerlinea,1,1,1,0,0,395,22.9,14.1,45.6,6.9
Baton caramel Shapers Crispy,1,1,1,0,0,345,3.4,12,76,0.4
Baton cereale cu ciocolata Chocapic,1,1,1,0,0,415,7.5,13.5,65.7,2.9
Baton ciocolata alba cu alune de padure si stafide Heidi,1,1,1,0,0,443,6.6,29.3,38.8,0
Baton ciocolata Albeni,1,1,1,0,0,486,3.9,26.3,58.4,0
Baton ciocolata Ani Brawo Desire,1,1,1,0,0,467,5.6,21.6,77.6,0
Baton ciocolata caramel,1,1,1,0,0,416,4.5,14,68,0
Baton ciocolata cocos Delicii Poiana,1,1,1,0,0,465,2.9,20.5,67.5,1.1
Baton ciocolata cu alune hazelnutz Heidi,1,1,1,0,0,552,6.3,35.5,51.8,2.3
Baton ciocolata cu alune Smash,1,1,1,0,0,472.1,9.9,26.4,48.8,0
Baton ciocolata cu arahide Poiana Delicii,1,1,1,0,0,500,9,28,53,0
Baton ciocolata cu branza dulce Dots Nature,1,1,1,0,0,357,9.9,17.7,39.6,0
Baton ciocolata cu branza dulce Dots Nature Dark,1,1,1,0,0,364.4,9.5,18.7,38.2,0
Baton ciocolata cu caramel  alune si glazura Dots Boom,1,1,1,0,0,396,7.5,20.8,44.5,0
Baton ciocolata cu stafide si rom Fagaras cel mare,1,1,1,0,0,440,2.5,61.5,19,0
Baton ciocolata Hematogen Ekzon,1,1,1,0,0,390,6.5,4,82,0
Baton ciocolata Mars Delight,1,1,1,0,0,548,5.3,32.7,58,0
Baton ciocolata nuga caramel Kliovo,1,1,1,0,0,444,3.7,18,70,0
Baton ciocolata Rom Autentic Tricolor (1964),1,1,1,0,0,500,3.3,22.8,66.3,0
Baton ciocolata Snickers Dark,1,1,1,0,0,490,9.2,24.8,56.5,1.9
Baton cu alune 60% Stilla,1,1,1,0,0,488,15.4,33.3,41,0
Baton cu cereale fara zahar Corny,1,1,1,0,0,333,6.3,10.5,66.3,3.3
Baton cu cereale si ciocolata Bio All Green,1,1,1,0,0,386,6,8,71,3
Baton cu ciocolata alba,1,1,1,0,0,498,5.1,24.6,64.2,0
Baton cu ciocolata alba Crunch Bar Heidi,1,1,1,0,0,443,6.6,29.3,38.8,0
Baton cu ciocolata amaruie Bounty,1,1,1,0,0,472,3.7,26,55.7,0
Baton cu iaurt  ovaz si fructe Rommac,1,1,1,0,0,365,5,2,78,9
Baton cu lapte si crema de cappuccino Sonata,1,1,1,0,0,578.3,5.5,28.1,50,0
Baton cu lapte si crema de rom Sonata,1,1,1,0,0,580.2,5.5,28.3,47.5,0
Baton cu merisoare  goji si musli Sante,1,1,1,0,0,428,4.6,14.8,68.7,2.9
Baton cu stafide si rom Fagaras,1,1,1,0,0,486,2.9,20.9,68,0
Baton cu susan migdale si miere Star,1,1,1,0,0,490,12.7,32.8,44.5,9.3
Baton cu susan si miere Star,1,1,1,0,0,542,17.7,39.1,29.9,9.4
Baton cu susan  ciocolata si miere Star,1,1,1,0,0,540,12.3,34.4,41.3,7.2
Baton cu susan  miere si arahide Star Naturals,1,1,1,0,0,487,13.2,31.8,45.3,8.1
Baton cu susan  migdale si miere Star Naturals,1,1,1,0,0,490,12.7,32.8,44.5,9.3
Baton de caise Fruitbar Galmopan,1,1,1,0,0,446,4.9,13.3,76.6,0
Baton de cereale cu baza de lapte si gust de ciocolata Nestle Nesquik,1,1,1,0,0,418,7.2,13.6,66.6,2.7
Baton de ciocoalta Bounty,1,1,1,0,0,467,3.8,23.9,58.8,0
Baton de ciocolata amaruie si crema de cafea Kandia,1,1,1,0,0,560,5.9,34.7,56.3,5.2
Baton de ciocolata Crispy Bar Heidi,1,1,1,0,0,448,6.4,29.1,40.3,0
Baton de ciocolata cu crema de rom si biscuiti ROM Autentic,1,1,1,0,0,510,6.2,30.3,54.1,0
Baton de ciocolata cu lapte si alune de padure Kandor Kandia,1,1,1,0,0,575,8.3,39.6,47.8,1.8
Baton de ciocolata cu lapte umplut cu crema nugat si caramel Primola K-ramel,1,1,1,0,0,457,4.3,20,0,1.2
Baton de ciocolata cu lapte Zoo Primola,1,1,1,0,0,547.1,10.7,32.7,50.3,0
Baton de ciocolata cu vanilie Kit Kat,1,1,1,0,0,532,5.4,32.7,54,1.4
Baton de ciocolata de casa Batonul copilariei Pan Food,1,1,1,0,0,451.4,5.8,12.9,75.1,0
Baton de ciocolata Kit Kat,1,1,1,0,0,437,3.4,17,67.5,0
Baton de ciocolata Kit Kat mini ,1,1,1,0,0,512,6.3,25.9,62.6,2.3
Baton de ciocolata Lion Maxi King,1,1,1,0,0,475,3.9,21.4,65.9,1.4
Baton de ciocolata Lion Nestle,1,1,1,0,0,485,4.9,22.9,64.9,0.9
Baton de ciocolata Mars,1,1,1,0,0,454,3.5,17.4,70.7,0
Baton de ciocolata neagra Dark Chocolate Kit Kat,1,1,1,0,0,505,5.8,25.7,58.1,0
Baton de ciocolata Snickers Cruncher,1,1,1,0,0,516,9.7,28.4,54.6,2.5
Baton de ciocolata Twix,1,1,1,0,0,495,4.6,23.9,64.5,1.4
Baton de cocos in ciocolata Carrefour,1,1,1,0,0,532,5.7,50,34,0
Baton de susan cu miere Tastino,1,1,1,0,0,523,13.4,28.3,54.2,0
Baton de vafe cu crema de cocos Tronky Ferrero,1,1,1,0,0,522,7.2,28.7,57.1,0
Baton dietetic cu ciocolata Nutrition & Sante Revel,1,1,1,0,0,377.4,24,11.9,43.7,6.9
Baton din fructe  cu alune de padure  cereale si scortisoara Nutribon,1,1,1,0,0,336,7,10.6,55.2,9.3
Baton din zer cu caramel Das Gesunde Plus,1,1,1,0,0,398,16,15,46,7.6
Baton Kinder Bueno,1,1,1,0,0,557,7.2,35.3,52.6,0
Baton Kinder Chocolate,1,1,1,0,0,564,8.7,34.8,53.5,0.9
Baton Kinder Pingui,1,1,1,0,0,442,7.2,29.3,37.4,0
Baton Milk Snack Milino,1,1,1,0,0,468,5.5,29.9,44.2,0
Baton Soia Snack cu rom si cocos,1,1,1,0,0,411,12,13.5,58.1,0
Baton Soia Snack diet lemon,1,1,1,0,0,366,11.6,11.6,53.2,0
Baton Soia Snack Glazur banana,1,1,1,0,0,430,11.2,16.5,57.1,0
Baton Soia Snack Glazur cacao,1,1,1,0,0,425,11.6,15.7,57,0
Baton Soia Snack light cu alune,1,1,1,0,0,366,14.3,14.8,47,0
Baton susan si miere Marca 1 Carrefour,1,1,1,0,0,524,13.5,30,50,4.8
Bezele BBQ marshmallows McEnnedy,1,1,1,0,0,337,3.6,0.5,79.4,0
Bezele Haribo,1,1,1,0,0,336,3.5,0.5,80.6,0
Bicuiti cu scortisoara Biskrem,1,1,1,0,0,459,6.1,21.3,60.6,3.4
Biscuite cu crema de lapte Bifa milky mix,1,1,1,0,0,528,5,28.6,62.7,0
Biscuiti  cu crema de vanilie Kremall,1,1,1,0,0,435,5.3,21.3,55.8,0
Biscuiti 2B+C Vel Pitar,1,1,1,0,0,467,6.5,20,66,0
Biscuiti 365,1,1,1,0,0,468,5,23,60,0
Biscuiti 4 cereale Lu Start,1,1,1,0,0,421,7.4,14.6,65,0
Biscuiti 4 cereale Werz,1,1,1,0,0,471,5.7,20.4,67.8,0
Biscuiti asortati Lamberts Toscana,1,1,1,0,0,502,6,24,64.4,2.4
Biscuiti Baby Star ,1,1,1,0,0,441.1,7.4,13.9,71.6,0
Biscuiti bio cu miere Molenaartje,1,1,1,0,0,432,10,22,63,6.6
Biscuiti Biskrem,1,1,1,0,0,459,6.1,21.3,60.6,3.4
Biscuiti Biskrem Dark,1,1,1,0,0,513,3.8,27.3,63.1,0
Biscuiti Butterrings KClassic,1,1,1,0,0,531,5.4,30.4,57.8,2.2
Biscuiti cacao 5 minute Vel Pitar,1,1,1,0,0,471.4,6.9,17.6,71.3,0
Biscuiti cacao cu crema vanilie Germino,1,1,1,0,0,519.5,5.8,21.6,71.8,0
Biscuiti cacao cu crema vanilie Mega Image,1,1,1,0,0,484,6.2,18.5,71,4.3
Biscuiti Choco Minis Milka,1,1,1,0,0,486,7.2,24,60,0
Biscuiti Cookies 365,1,1,1,0,0,504,4.9,26.8,59.2,3.4
Biscuiti crema cu aroma de cocos Arslan Mallow,1,1,1,0,0,468.1,3.2,20,65.5,0
Biscuiti crema de cacao Aro,1,1,1,0,0,445,6,10,75,0
Biscuiti crema de vanilie Tempo,1,1,1,0,0,512.5,7,22.4,69.1,0
Biscuiti Cruschelle Balocco,1,1,1,0,0,446,8.3,15.6,65.1,6.1
Biscuiti cu alune caramelizate Leibnitz,1,1,1,0,0,518,14,28,51,3.2
Biscuiti cu aroma de lamaie Gustello,1,1,1,0,0,406,5.5,17.2,57.3,0
Biscuiti cu aroma de vanilie Clever,1,1,1,0,0,311,6.2,15.4,36.8,0
Biscuiti cu boabe de soia Gullon,1,1,1,0,0,428.9,8,18.5,57.6,9
Biscuiti cu cacao Picnic,1,1,1,0,0,346.2,13.4,3.9,60.7,2
Biscuiti cu cacao si alune Katy American Cookie Big Nut,1,1,1,0,0,494,6.6,29.5,50.2,0
Biscuiti cu cacao si rom Cremio Galmopan,1,1,1,0,0,488,6,24.8,60.2,0
Biscuiti cu cacao si vanilie Ora 5 RoStar,1,1,1,0,0,344,7.5,18.4,37.2,0
Biscuiti cu castane si seminte in Gerble,1,1,1,0,0,445,8.6,15.1,65.4,6.6
Biscuiti cu ciocolata Choco Cookie Milka,1,1,1,0,0,486,7.2,24,59.5,3.4
Biscuiti cu ciocolata Pepito Choco ,1,1,1,0,0,475,7.8,20,66,2.5
Biscuiti cu ciocolata si alune Auchan,1,1,1,0,0,507,7.7,25.8,60,2.1
Biscuiti cu ciocolata si fulgi de ovaz Alexia,1,1,1,0,0,527.5,6.9,23.3,68.9,0
Biscuiti cu cocos Coconitos Rostar,1,1,1,0,0,336,6.6,18.3,36.8,0.1
Biscuiti cu cocos Karsa Cikobest,1,1,1,0,0,438,3.2,18.2,65.3,0.6
Biscuiti cu crema,1,1,1,0,0,428,7.2,10.4,73.6,1.4
Biscuiti cu crema Croco,1,1,1,0,0,434,7,14,70,0
Biscuiti cu crema de alune cu glazura de cacao cu lapte Katy,1,1,1,0,0,552,4.8,33.1,58.7,0
Biscuiti cu crema de alune Ulpio,1,1,1,0,0,502,6.1,23.3,66.9,0
Biscuiti cu crema de cacao Ciocotartin Nefis,1,1,1,0,0,462,5.5,20.4,65.1,0
Biscuiti cu crema de cacao Day Dream Cream RoStar,1,1,1,0,0,402.2,5.8,17.6,55.2,0
Biscuiti cu crema de cacao Go-Go Ulpio,1,1,1,0,0,465,23.5,18.9,49,0
Biscuiti cu crema de cacao Mega Image,1,1,1,0,0,498,5,20,74,1
Biscuiti cu crema de cacao RoStar,1,1,1,0,0,446,5.5,21.9,57.3,0
Biscuiti cu crema de cappuccino Katy Kaufland,1,1,1,0,0,546,5.4,31.9,59.2,0
Biscuiti cu crema de capsuni RoStar,1,1,1,0,0,400,6.8,15,59,0
Biscuiti cu crema de ciocolata Tempo,1,1,1,0,0,467,6,18.3,69.7,0.3
Biscuiti cu crema de cocos Day Dream Cream RoStar,1,1,1,0,0,398.3,5.6,16.5,55.9,0
Biscuiti cu crema de fructe de padure Belvita,1,1,1,0,0,430,6.7,12.5,73.5,3
Biscuiti cu crema de lapte si ciocolata Biscolata Starz Solen,1,1,1,0,0,489.2,7.2,22.4,60.6,2.6
Biscuiti cu crema de vailie RoStar,1,1,1,0,0,400,6.8,15,59,0
Biscuiti cu crema de vanilie Day Dream Cream RoStar,1,1,1,0,0,394.7,5.7,16.4,56,0
Biscuiti cu crema de vanilie glazurati Poieni Vel Pitar,1,1,1,0,0,503,5.5,24.4,65.5,0
Biscuiti cu crema de vanilie Ulpio,1,1,1,0,0,468,5.7,22.3,61.6,0
Biscuiti cu crema frisca Cremita,1,1,1,0,0,453.5,6,19.1,61.7,0
Biscuiti cu crema lamaie Germino,1,1,1,0,0,497.8,5.8,17.3,76.2,0
Biscuiti cu fibre Rustic Viva,1,1,1,0,0,442,8,16,66.5,3.5
Biscuiti cu fulgi de ciocolata diet nature chip choco Gullon,1,1,1,0,0,460,5.8,24.9,62.7,2.6
Biscuiti cu germeni de grau si smochine Carrefour,1,1,1,0,0,422,10.4,13.1,64.4,7.4
Biscuiti cu glazura de cacao cu miere  migdale si scortisoara Classic Plus,1,1,1,0,0,497,4.7,22.7,68.5,0
Biscuiti cu lamaie Linea Hacendado,1,1,1,0,0,450,5.5,18,65,10
Biscuiti cu lapte Discko Pepito,1,1,1,0,0,504,6,23.2,68,0
Biscuiti cu lapte si miere Arty RoStar,1,1,1,0,0,445,8.5,11.4,77.1,0
Biscuiti cu lapte Tarancuta Bucuria,1,1,1,0,0,452,7.2,17.1,67.7,0
Biscuiti cu mar si smochine Gerlinea,1,1,1,0,0,426,22.9,14.7,46.5,7.8
Biscuiti cu merisoare Poieni,1,1,1,0,0,446,6.6,16.9,70.6,7.6
Biscuiti cu orez Zoo Werz,1,1,1,0,0,507,5.4,20.2,75.1,1
Biscuiti cu portocale si vanilie Gerlinea,1,1,1,0,0,444,22.7,16,52.2,2.6
Biscuiti cu pulpa de smochine Barilla,1,1,1,0,0,431,5.2,18,62,3
Biscuiti cu scortisoara Digesta,1,1,1,0,0,491,7.1,22.5,65.5,4.4
Biscuiti cu scortisoara si ghimbir Tastino Iris Lidl,1,1,1,0,0,469,6.6,19.3,71.5,4.5
Biscuiti cu soia Torras,1,1,1,0,0,428,7.4,26,55,5.6
Biscuiti cu unt diet Leibnitz ,1,1,1,0,0,422,9.4,12,70.9,0
Biscuiti cu unt  spelta si migdale Bohlsener Muhle,1,1,1,0,0,484,8.5,23.6,59.3,0
Biscuiti cu vanilie 365,1,1,1,0,0,498,5,19.5,74.5,1
Biscuiti cu vanilie Disko Pepito,1,1,1,0,0,495,5.9,22,68,0.6
Biscuiti Danish Butter Covo,1,1,1,0,0,501,4.8,24.1,66.2,2.4
Biscuiti de cacao cu crema cu aroma de vanilie Oreo,1,1,1,0,0,471,5.7,21,65,3.6
Biscuiti de crema de cacao Oly,1,1,1,0,0,481.2,6.3,17.5,71.4,1
Biscuiti de ovaz Franzeluta,1,1,1,0,0,429.7,5.4,14.3,69.3,0
Biscuiti de ovaz SanoVita,1,1,1,0,0,422.5,5.2,14.3,69,7
Biscuiti de vanilie si crema de vanilie Tempo,1,1,1,0,0,449,5.8,17.3,67.6,0.9
Biscuiti di grano Fior dOro,1,1,1,0,0,457,7.8,15.7,71.2,0.2
Biscuiti dietetici soia si smochine The French Dietetic Secret Gerble,1,1,1,0,0,428,12.2,15.7,58.1,7.5
Biscuiti digestivi fara zahar Gullon,1,1,1,0,0,412,7.5,16.2,65.3,7
Biscuiti digestivi Ulpio,1,1,1,0,0,402.3,8.3,17,52.5,17
Biscuiti din cereale cu coacaze Nairns,1,1,1,0,0,428,9.6,16.2,60.9,6.9
Biscuiti Dinkel-Hafer Taler,1,1,1,0,0,467,5.5,19,63,7
Biscuiti Dorada Dia,1,1,1,0,0,486,5.8,21.3,67.9,0
Biscuiti Eugenia Dobrogea Junior,1,1,1,0,0,509,5.2,26.3,62.7,0
Biscuiti Felicita cu mere Nefis,1,1,1,0,0,451,5.1,19,64.7,0
Biscuiti fibre vegetale  fara zahar  cu indulcitori Gullon,1,1,1,0,0,432,6.1,17.7,64.9,8.3
Biscuiti Fiona Nefis,1,1,1,0,0,514,5.3,26.6,63.3,0
Biscuiti Galletas Maria,1,1,1,0,0,426,9.6,12.8,68.8,5.1
Biscuiti glazurati Dr. Krantz,1,1,1,0,0,514,8.5,25,63.5,0
Biscuiti hiperproteici cereale si ciocolata Gerlinea,1,1,1,0,0,425,22.3,15.3,47.8,7.1
Biscuiti hiperproteici cu lamaie si vanilie Gerlinea,1,1,1,0,0,444,22.7,16,52.2,0.7
Biscuiti Ikram Ulker,1,1,1,0,0,490,6.2,20.8,69.4,0
Biscuiti integrali Balocco,1,1,1,0,0,435,8.3,15.6,65.3,6.1
Biscuiti integrali Cereal Bio Petits Sables,1,1,1,0,0,458,11.7,21.3,54.8,8.1
Biscuiti Jaffa cherry cake Ulpio,1,1,1,0,0,372,4,8.3,70.3,0
Biscuiti jeleu caise Pims,1,1,1,0,0,370,3.9,7.3,71,2.3
Biscuiti La Via Del Grano 3 Cereali,1,1,1,0,0,428,7,12,73,2.8
Biscuiti Maxi Alexia Germino,1,1,1,0,0,480.4,4.3,24.7,56.9,0
Biscuiti mere Biskrem,1,1,1,0,0,397,5.2,12.2,66.5,0.9
Biscuiti Mini Petit Croco,1,1,1,0,0,374,8,8,71,0
Biscuiti MiniStars Pepito,1,1,1,0,0,497,6.1,24.1,63.8,0
Biscuiti Nestle Ptit,1,1,1,0,0,422,10.4,9.8,72.1,1.7
Biscuiti Nicnac Belsy,1,1,1,0,0,408,8.5,8.5,78.3,2.4
Biscuiti Pepito disko double choco,1,1,1,0,0,472,6,21,63,1.4
Biscuiti Petit Beurre Aro,1,1,1,0,0,412,8.8,8.2,75.8,0
Biscuiti Petit Beurre Clever,1,1,1,0,0,304.3,12.5,3.6,52,0
Biscuiti petit beurre cu aroma de cocos Tecsa,1,1,1,0,0,331.6,6.6,16.8,38.5,0
Biscuiti Petit Beurre Delhaize,1,1,1,0,0,440,8.6,11,75,3.2
Biscuiti petit beurre din faina integrala Van Botta,1,1,1,0,0,418,8.5,12,69,7
Biscuiti Petit Beurre Romdil,1,1,1,0,0,298,12.5,3.6,52,0
Biscuiti Petit Beurre RoStar,1,1,1,0,0,340.9,9.4,9,55.4,0
Biscuiti Petit Beurre Tecsa,1,1,1,0,0,322,6.6,9,38.5,0
Biscuiti Petit Beurre traditionali RoStar,1,1,1,0,0,427.1,8.3,10.2,75.4,0
Biscuiti putin colesterol TuxTu,1,1,1,0,0,440,10.7,10.8,75,2.8
Biscuiti Rondelini Clasic,1,1,1,0,0,485,8,19.8,68.9,2.4
Biscuiti sandwich cu ciocolata Unica,1,1,1,0,0,389,9.3,22.8,33,0
Biscuiti Scolar Vel Pitar,1,1,1,0,0,427.7,6.1,12.5,72.7,2.9
Biscuiti seminte Hogarenas,1,1,1,0,0,425,11,13,65,5.7
Biscuiti Sorana Lidl,1,1,1,0,0,526,6.6,29.4,37.7,3.1
Biscuiti Super Kontik,1,1,1,0,0,486,5.7,24.5,62.1,2
Biscuiti Ulpio Petit Beurre,1,1,1,0,0,456,8.3,13,76,2
Biscuiti Ursulet Nefis,1,1,1,0,0,437,8,12.8,72.3,0
Biscuiti Vital clasic,1,1,1,0,0,522,14.2,29.5,47.7,5
Biscuiti Zoo European Food,1,1,1,0,0,434,8,10,78,0
Biscuitit cu ciocolata Trio Choco,1,1,1,0,0,509,7,29,60,2.7
Biscuitit cu crema Eugenia Aro,1,1,1,0,0,447,6,15.9,69,0.8
Biscuti cu cacao fara zahar Misura Bonte Banato,1,1,1,0,0,438,8.7,20.5,63.5,4
Biscuti fara gluten Orangino,1,1,1,0,0,349,5.8,7.5,62.6,4.1
Bomboabe Brandusa Bucuria,1,1,1,0,0,506,8,27.5,56.7,0
Bomboabe Masca Bucuria,1,1,1,0,0,521,9.6,28.8,55.9,0
Bomboane asortate cu umplutura de fructe Sweet Gold,1,1,1,0,0,392,0.7,2.1,0,0.1
Bomboane Chisinaul de seara Bucuria,1,1,1,0,0,370,2.9,12.5,61.3,0
Bomboane Chokotoff Poiana,1,1,1,0,0,459,2.6,18.3,70.6,0
Bomboane ciocolata cu caramel Belgique dOr,1,1,1,0,0,357,3,23,34,2
Bomboane ciocolata mici I Love Milka,1,1,1,0,0,545,6,33.5,55,0
Bomboane ciocolata Milka Tender Wishes,1,1,1,0,0,495,6.6,25.5,57.5,2.8
Bomboane ciocolata Mon Cheri Ferrero,1,1,1,0,0,421,3.2,19.7,57.8,0
Bomboane ciocolata Smarties Nestle,1,1,1,0,0,465,3.9,17.9,72.1,0
Bomboane ciocolata Sweet mix Mister Choc,1,1,1,0,0,479,5.4,22,64,1.5
Bomboane ciocolata Weinbrand Bohnen,1,1,1,0,0,439,3.1,16,59,0
Bomboane cu alune si ciocolata Meteorit Bucuria,1,1,1,0,0,527,17.4,33.9,38,0
Bomboane cu aroma de cafea Solano,1,1,1,0,0,273,0.7,7,86.3,0
Bomboane cu ciocolata Mirabell Mozartkugeln,1,1,1,0,0,556,5,69,56,0
Bomboane cu crema de ciocolata Silvana,1,1,1,0,0,430,1.1,8.8,85.1,0.4
Bomboane cu crema de cirese si zmeura Silvana,1,1,1,0,0,380,0,0,93.5,0
Bomboane cu frisca Solano,1,1,1,0,0,314,0.3,12.1,84.9,0
Bomboane cu lapte,1,1,1,0,0,394,0,0.2,98,0
Bomboane cu lapte de pasare Bucuria,1,1,1,0,0,465,2.6,25.4,56.4,0
Bomboane cu lapte si crema rom Laura,1,1,1,0,0,464.2,1.9,18.9,71.6,1.1
Bomboane cu rom Rum-Kokos Casali,1,1,1,0,0,467,0,20.4,3.3,0
Bomboane de ciocolata,1,1,1,0,0,535,8,30,59,0
Bomboane de ciocolata cu alune Baci Perugina,1,1,1,0,0,541,6.7,32.8,52.8,4.2
Bomboane de ciocolata cu crema caramel Laura,1,1,1,0,0,475,2.6,19.1,71.2,0
Bomboane de ciocolata cu lichior Doulton,1,1,1,0,0,442,3.4,20,53,0
Bomboane de ciocolata cu prune uscate Bucuria,1,1,1,0,0,336,2.8,9.6,61.1,0
Bomboane de ciocolata cu rom Casali Rum-Kokos,1,1,1,0,0,490,4.9,23.2,60.6,0
Bomboane de ciocolata cu rom Rum Kokos Bella,1,1,1,0,0,480,3.5,22.5,60.7,0
Bomboane de ciocolata cu rom  punch  maraschino si cognac cirese Fazer,1,1,1,0,0,380,1.2,8.6,69,1.2
Bomboane de ciocolata cu umplutura de alune Baci,1,1,1,0,0,570,8.5,39.1,42.7,6.8
Bomboane de ciocolata Fazermint,1,1,1,0,0,435,2.4,18,67,0
Bomboane de ciocolata fructe de mare Belgique,1,1,1,0,0,545,6,34,54,1
Bomboane de ciocolata Galaxy Minstrels,1,1,1,0,0,503,5.2,22.2,70.5,1.1
Bomboane de ciocolata I love Milka,1,1,1,0,0,570,6.3,38,50.3,0
Bomboane de ciocolata Milka Lila Collection,1,1,1,0,0,550,7.5,35,51,0
Bomboane de ciocolata si lamai verzi umplute cu lichior Vodka Fazer,1,1,1,0,0,390,1.2,8.6,68,1.2
Bomboane de ciocolata Smarties Mini Nestle,1,1,1,0,0,466,4.2,17.9,72.1,0
Bomboane de ciocolata Smarties Nestle,1,1,1,0,0,456,4.2,17.2,71,0
Bomboane de mestecat caramele cu fructe de padure Fritt,1,1,1,0,0,480,2,11,92,0
Bomboane de ovaz cu nuca de cocos si cacao Ikea,1,1,1,0,0,490,5,30,50,0
Bomboane Duet Bucuria,1,1,1,0,0,424,3,14.6,70.1,0
Bomboane efervescente Milka,1,1,1,0,0,535,5.7,30,60,1.2
Bomboane Ferrero Rocher,1,1,1,0,0,582,8.8,41.9,42.3,0
Bomboane fondante 72% cu granule de cacao Witors Noir,1,1,1,0,0,544,7.6,36.4,48,6.4
Bomboane gumate fructate exotic Sugus,1,1,1,0,0,400,1.7,7.1,81.9,0
Bomboane gumate Juise Blast Mentos,1,1,1,0,0,174,0,0,73,0
Bomboane M&M ciocolata,1,1,1,0,0,478,4.5,20.1,69.9,2.9
Bomboane M&M cu alune,1,1,1,0,0,516,9.8,26.8,59,2.8
Bomboane Mars Miniatures,1,1,1,0,0,448,3.7,17.7,68.5,1.1
Bomboane nougat zapfen Friedel,1,1,1,0,0,532,7.3,33.2,51.1,0
Bomboane Nu-ma-uita Bucuria,1,1,1,0,0,411,3,18.6,64.6,0
Bomboane perle ciocolata si vanilie Madagascar Desobry,1,1,1,0,0,545,4.5,32.3,58.9,0.6
Bomboane Poiana Suchardine,1,1,1,0,0,470,5.1,21.5,63.5,1.9
Bomboane portocale Tic Tac,1,1,1,0,0,395,0.3,0.5,96.5,0
Bomboane prune Frutic,1,1,1,0,0,364,0.1,94.4,0.1,0.1
Bomboane Raffaello,1,1,1,0,0,600,10,43,43,0
Bomboane Solano frisca si capsuni,1,1,1,0,0,261,0.2,0,92.3,0
Bomboane Toffifee,1,1,1,0,0,487.8,4.8,26.8,61,0
Bomboane Vara Bucuria,1,1,1,0,0,381,0,0.7,93.8,0
Bomboane Werthers Original,1,1,1,0,0,438,0,9.4,87.5,0
Bomboane Winterfresh mints ,1,1,1,0,0,246,0,1,98,0
Briosa cu aroma de vanilie Vanilla Muffin Vel Pitar,1,1,1,0,0,439,6.4,23.1,51.4,0
Briosa cu crema de caise Boromir,1,1,1,0,0,326.1,3.6,3.4,70.3,0
Briosa cu fulgi ciocolata Choco Muffin Vel Pitar,1,1,1,0,0,457,6.7,26.3,48.3,0
Briosa Piccolina cu crema de vanilie Boromir,1,1,1,0,0,344.3,4,7.3,65.6,0
Briose ciocolata Cioco Muffins Dr. Oetker,1,1,1,0,0,485.3,7.2,31.7,42.9,3
Briose cu cacao si incluziuni de ciocolata Vivienne,1,1,1,0,0,333,6.1,19.5,33.4,0
Briose cu ciocolata,1,1,1,0,0,300,5.5,14.6,40,2.1
Briose cu fulgi de ciocolata McEnnedy Lidl,1,1,1,0,0,419,5.4,24.1,43.9,0
Briose keto,1,1,1,0,0,283.6,8.7,23.1,11.8,0.2
Briose keto cu fulgi de ciocolata si nuci,1,1,1,0,0,277.3,15.1,21.8,4.8,1.4
Briose keto light,1,1,1,0,0,256.1,10.9,21.4,6.6,2.4
Briose keto the best,1,1,1,0,0,230,10.4,18.3,7.8,2.7
Briose Madeleine,1,1,1,0,0,457,6.7,24.6,52.3,0
Budinca aroma de fistic Dr. Oetker Premium,1,1,1,0,0,105,3,3.2,15.9,0
Budinca caramel Ligeois Zott,1,1,1,0,0,98,1.5,2.5,17.3,0
Budinca ciocolata Grand Dessert,1,1,1,0,0,123,2.7,4.9,17,0
Budinca cremoasa bio Sahne Andechser natur,1,1,1,0,0,163,3.5,9.2,16.5,1.4
Budinca de ciocolata Bebivita,1,1,1,0,0,104,3.7,3.2,14.9,0
Budinca de ciocolata cu sos vanilat Muller,1,1,1,0,0,107,2.8,2.4,18.5,0
Budinca de ciocolata Tnuva,1,1,1,0,0,121,3.2,3.6,19,0
Budinca de ciocolata Vitalinea Danone,1,1,1,0,0,84,4.1,0.9,14.9,0
Budinca de gris cu sos de cirese Muller,1,1,1,0,0,118,2.5,2.3,21.8,0
Budinca de vanilie Bebivita,1,1,1,0,0,95,3.1,3.2,13.5,0
Budinca de vanilie Tnuva,1,1,1,0,0,116,3,3.6,18,0
Budinca desert din ciocolata Grand Dessert Ehrmann,1,1,1,0,0,113,2.9,2.2,20.5,0
Budinca dietetica de ciocolata Pudding Dr. Oetker,1,1,1,0,0,84,3.8,3,10.6,0
Budinca dietetica de vanilie Pudding Dr. Oetker,1,1,1,0,0,78,3.6,2.6,9.3,0
Budinca preparata cu gust de ciocolata Dr. Oetker,1,1,1,0,0,108,3.1,3,16.4,0
Bulgarasi de napolitana cu cocos Carrefour,1,1,1,0,0,611,4.2,48.1,40.1,0
Cacao fara zahar Valor,1,1,1,0,0,311,25.5,16,16.3,31.7
Caju in ciocolata neagra Katy,1,1,1,0,0,540,9.1,36.1,42.6,0
Caramele,1,1,1,0,0,382,4.6,8.1,77,0
Caramele dietetice Schoko Toffees,1,1,1,0,0,344,2.7,19,66,39
Caramele Fulgusor Bucuria,1,1,1,0,0,391,0,6.7,88.4,0
Caramele Racusori Bucuria,1,1,1,0,0,400,3,6,90,0
Caramele Sugus,1,1,1,0,0,410,1.7,8,82.7,0
Cereale cu glazura de cacao Rollo,1,1,1,0,0,487,8,23,61,2
Cereale cu vanilie Vanilla Cereal Snacks Stilla Natura,1,1,1,0,0,469,7,19,66,3
Chec,1,1,1,0,0,384,6.4,17.6,53.5,0
Chec Siluette Savurs si Sanatos Cora,1,1,1,0,0,343.7,6,11.1,54.8,0.9
Choco topping 365 Mega Image,1,1,1,0,0,97,2.9,1.5,18,0
Cicolata 72% cacao Noir cu afine si migdale Delhaize,1,1,1,0,0,561,8,45,31,12
Cicolata neagra Baron,1,1,1,0,0,521,5.7,32.2,52.2,0
Ciocoalta cu cacao si vanilie Kandia,1,1,1,0,0,475,3.1,20.8,69.6,0
Ciocolata  65 % cacao Schogetten,1,1,1,0,0,537,9.4,35,39,0
Ciocolata 50% cacao cu migdale si para Heidi,1,1,1,0,0,529.2,5.8,32.1,54.3,1.8
Ciocolata 50% cacao Stilla Dolce,1,1,1,0,0,493,6.4,27,52,8.4
Ciocolata 70% cacao cu portocala Ecuador,1,1,1,0,0,541,7.1,30.1,34.1,0
Ciocolata 70% cacao si menta Anidor,1,1,1,0,0,578.5,9.4,40.3,42.3,0
Ciocolata 70% cacao Valor,1,1,1,0,0,456,11,35.8,34,13.8
Ciocolata 70% cacao Weinrichs 1895,1,1,1,0,0,575,6.7,46.3,27.6,10.7
Ciocolata 70% cirese si chili Lindt,1,1,1,0,0,512,5.9,33,44,0
Ciocolata 70% cu caramel Ecuador,1,1,1,0,0,536,6.5,37.1,39.4,0
Ciocolata 70% Ecuador,1,1,1,0,0,551,8,41,31,0
Ciocolata 72% cacao Anthon Berg,1,1,1,0,0,580,7,45,31,0
Ciocolata 72% cacao Cora,1,1,1,0,0,621,6.7,53,28,1.3
Ciocolata 72% cacao cu zmeura si stafide Delhaize,1,1,1,0,0,550,7,42,36,11
Ciocolata 74 % cacao Bio Carrefour,1,1,1,0,0,562,8.8,43,35,9.2
Ciocolata 74% Delhaize DLL Swiss,1,1,1,0,0,542,8.9,40.1,30.2,12.4
Ciocolata 75% cacao cu portocale Anidor,1,1,1,0,0,505,10.9,35.5,42.4,11.3
Ciocolata 75% cacao Dark Intense Heidi,1,1,1,0,0,597.6,7.3,58.4,28.9,0
Ciocolata 75% cacao Tobago,1,1,1,0,0,552,8.8,41.4,28.5,15
Ciocolata 75% Intense Pleasure Kandia,1,1,1,0,0,554,11.1,36.8,39.3,10.4
Ciocolata 80% cacao Intense Noir Anidor,1,1,1,0,0,561.6,10.4,49.5,18.7,0
Ciocolata 85% cacao Dark Extreme Heidi,1,1,1,0,0,627.4,7.9,57.4,18.4,1.6
Ciocolata 85% cacao Moser Roth,1,1,1,0,0,567,9.1,49.4,21.5,0
Ciocolata 85% cacao Weinrichs 1895,1,1,1,0,0,598,8.2,53.3,14.7,13.1
Ciocolata 85% Cora,1,1,1,0,0,577,10,47,21,15
Ciocolata 90% cacao Lindt,1,1,1,0,0,600,10,55,20,10
Ciocolata 90% cacao Mild Lindt si Spruengli,1,1,1,0,0,592,10,55,14,0.1
Ciocolata 92% cacao Vivani Feine Bitter,1,1,1,0,0,648,8.5,59.4,13.1,0
Ciocolata 95% cacao Zartbitter,1,1,1,0,0,451,6,31,46,14
Ciocolata 99% cacao Excellence Lindt,1,1,1,0,0,530,13,49,8,0
Ciocolata aerata alba Poiana,1,1,1,0,0,540,4.7,29.5,63,0
Ciocolata aerata amaruie Poiana,1,1,1,0,0,510,4.7,31,53.5,7.3
Ciocolata After Eight Nestle,1,1,1,0,0,428,2.5,12.8,74.4,0
Ciocolata alba  Lindt,1,1,1,0,0,630,6,63,42,0
Ciocolata alba cu alune de padure Heidi,1,1,1,0,0,630,8.3,42.6,53.5,0
Ciocolata alba cu alune intregi Ritter Sport,1,1,1,0,0,583,8.4,39.9,47.6,1.5
Ciocolata alba cu alune intregi Ritter Sport,1,1,1,0,0,562,7,38,48,0
Ciocolata alba cu alune si orez expandat Van dOr,1,1,1,0,0,566,7.8,36.5,50.7,1.6
Ciocolata alba cu banane Banana Split Choco Venture Heidi,1,1,1,0,0,537,6.8,32.4,54.4,0
Ciocolata alba cu cocos Auchan,1,1,1,0,0,591,6.3,38.3,55,0.7
Ciocolata alba cu miere si nugat cu migdale Toblerone,1,1,1,0,0,535,6.2,29,61.5,0
Ciocolata alba cu musli Poiana,1,1,1,0,0,520,6.1,28.5,60,0.2
Ciocolata alba cu zmeura Choco Venture Heidi,1,1,1,0,0,557,6.9,37.1,48.9,0
Ciocolata alba Milka,1,1,1,0,0,535,4.6,29.5,63,0
Ciocolata alba Sarotti,1,1,1,0,0,560,6.5,22.2,55.1,0
Ciocolata alba si neagra Choco Duo Ritter Sport ,1,1,1,0,0,547,7,33,55,2.2
Ciocolata amara umpluta cu crema cu aroma de tiramisu Schogetten,1,1,1,0,0,554,6.7,37,44,0
Ciocolata amaruie 55%  cacao Primola,1,1,1,0,0,537,6.3,33.4,50.7,0
Ciocolata amaruie 55% cacao Kandia,1,1,1,0,0,535,6.5,34.9,54.6,8.3
Ciocolata amaruie 72%  Auchan,1,1,1,0,0,559,8.4,42.5,29.7,12
Ciocolata amaruie 72% Carrefour,1,1,1,0,0,499,9.5,40,34,11
Ciocolata amaruie 75% cacao Kandia,1,1,1,0,0,510,11.3,36.7,40.8,11.5
Ciocolata amaruie 86% Noir Brut Cote DOr,1,1,1,0,0,605,8.6,54.5,18.5,3
Ciocolata amaruie alune si stafide Kandia,1,1,1,0,0,510,5.9,33.1,55.6,0
Ciocolata amaruie cu alune de padure intregi caramelizate Heidi,1,1,1,0,0,556.5,7.8,38.6,40.4,0
Ciocolata amaruie cu alune intregi Ritter Sport,1,1,1,0,0,556,7,40,41,6.2
Ciocolata amaruie cu aroma de violete Auchan,1,1,1,0,0,524,7.1,34,55,7.5
Ciocolata amaruie cu cafea Heidi,1,1,1,0,0,545.1,6,37.8,46.8,0
Ciocolata amaruie cu crema de frisca si cereale Primola,1,1,1,0,0,514,11.9,34.3,39.6,0
Ciocolata amaruie cu crema de lamaie verde Kandia,1,1,1,0,0,560,5.9,34.5,56.4,5.6
Ciocolata amaruie cu crema de menta Poiana,1,1,1,0,0,460,2.9,20.5,65.5,4.6
Ciocolata amaruie cu crema lamaie Poiana,1,1,1,0,0,460,2.9,20.5,65,4.6
Ciocolata amaruie cu crema zmeura Kandia,1,1,1,0,0,480,2.9,22,68.4,4.5
Ciocolata amaruie cu guava  papaya si chili Heidi SummerVenture Mexico,1,1,1,0,0,556,7.8,33.3,56.1,0
Ciocolata amaruie cu lamaie si menta Heidi GrandOr,1,1,1,0,0,539,6.8,36.3,46.3,0
Ciocolata amaruie cu merisor Heidi GrandOr,1,1,1,0,0,549.3,5.7,34.5,54,2
Ciocolata amaruie cu portocale Anidor,1,1,1,0,0,560.1,9,39.6,39.7,0
Ciocolata amaruie cu portocale Kandia,1,1,1,0,0,569.4,6.3,34,55.5,8.1
Ciocolata amaruie Diet Line,1,1,1,0,0,405,6.3,32.5,35,20.7
Ciocolata amaruie fara zahar Sly,1,1,1,0,0,464.4,5.2,34,56.3,9.4
Ciocolata amaruie Galactic,1,1,1,0,0,569.8,5.5,28.6,43.9,0
Ciocolata amaruie Novatini,1,1,1,0,0,490.2,3.1,32.9,45.4,0
Ciocolata amaruie Poiana,1,1,1,0,0,525,4.7,27,54,7
Ciocolata amaruie Schermer Marc de Champagne,1,1,1,0,0,529,4.3,33.8,45,0
Ciocolata Anidor 70%,1,1,1,0,0,590.5,8.9,44.1,37,0
CIocolata Bouquette Cappuccino Heidi,1,1,1,0,0,573,7.1,38.8,48.7,0
Ciocolata Camille Bloch Kirsch,1,1,1,0,0,495,6,24,61,0
Ciocolata capsuni Schogetten,1,1,1,0,0,544,7,33,54,0
Ciocolata capsuni strawberry&crispies Primola,1,1,1,0,0,530.8,3.6,33.4,58,0
Ciocolata Choceur Haselnuss,1,1,1,0,0,555,7.7,35,51,2.5
Ciocolata cocos si mente Cocos & Choco minis,1,1,1,0,0,479,3.6,24.7,59,2.9
Ciocolata Creamy Cappuccino Heidi,1,1,1,0,0,534.9,6.9,32.9,52.9,0.8
Ciocolata cu alune de padure Nussknacker,1,1,1,0,0,599,16.1,8.8,44.2,3.3
Ciocolata cu alune de padure Schogetten,1,1,1,0,0,553,6.6,35,53,0
Ciocolata cu alune intregi Ritter Sport ,1,1,1,0,0,557,8,38,46,3.2
Ciocolata cu alune Kandia,1,1,1,0,0,550,5.2,34.4,57.9,0
Ciocolata cu alune Nussknacker,1,1,1,0,0,585,10.2,39.8,44.7,3.4
Ciocolata cu alune si caramel Ritter Sport,1,1,1,0,0,581,6,40,49,2.4
Ciocolata cu alune si stafide Choceur,1,1,1,0,0,528,3.4,30,54,0
Ciocolata cu alune si stafide Poiana,1,1,1,0,0,520,6.2,30.2,55,2.6
Ciocolata cu alune zdrobite si caramel Toffee Broken Nuts Milka,1,1,1,0,0,560,6,36.5,51.5,1.1
Ciocolata cu arahide Africana,1,1,1,0,0,535,8.1,32,52,4.2
Ciocolata cu arahide Delicii Poiana,1,1,1,0,0,500,9,28,53,3
Ciocolata cu arahide First Nice Lidl,1,1,1,0,0,526,7.1,32.7,50.7,1
Ciocolata cu arahide Novatini,1,1,1,0,0,540,8.8,33.4,52.4,2
Ciocolata cu arahide Poiana,1,1,1,0,0,542,9.2,34.2,48.9,3.4
Ciocolata cu banane Original Casali,1,1,1,0,0,378,2,11,68,0
Ciocolata cu biscuiti Ritter Sport ,1,1,1,0,0,556,7,35,53,1.9
Ciocolata cu biscuiti si crema de frisca Kandia,1,1,1,0,0,520,5.9,29.4,58.8,0
Ciocolata cu cacao si fistic Perugina,1,1,1,0,0,526,5.8,31.8,50.7,7.1
Ciocolata cu cafea Milka Pleasure,1,1,1,0,0,575,5.2,38,51.5,1
Ciocolata cu cappuccino Africana,1,1,1,0,0,465,2.4,19.5,69,1.6
Ciocolata cu cappuccino Primola,1,1,1,0,0,534,4.5,33,54,0
Ciocolata cu capsuni Sly Diet,1,1,1,0,0,472.1,8,32.9,53,0
Ciocolata cu capsuni Vis,1,1,1,0,0,485,2.6,22.1,67.2,0
Ciocolata cu cereale Primola Cereals,1,1,1,0,0,512.1,5.5,29.2,56.8,0
Ciocolata cu cocos Africana,1,1,1,0,0,540,4.1,31.5,58,2.7
Ciocolata cu crema caramel si crema de lapte Schogetten,1,1,1,0,0,519,5.5,29,59,0
Ciocolata cu crema de ananas Bohme,1,1,1,0,0,431,1.8,15,70,0
Ciocolata cu crema de banane Casali,1,1,1,0,0,380,2,11,69,0
Ciocolata cu crema de banane Novatini,1,1,1,0,0,429.2,7.3,22.6,63.6,0
Ciocolata cu crema de cafea Kandia,1,1,1,0,0,560,5.8,34.5,56.6,5.9
Ciocolata cu crema de cappuccino Ritter Sport,1,1,1,0,0,574,6,39,50,2.2
Ciocolata cu crema de capsuni Casali,1,1,1,0,0,380,2,12,68,0
Ciocolata cu crema de capsuni si frisca Novatini,1,1,1,0,0,463,2.7,23.4,61.4,0
Ciocolata cu crema de capsuni si sampanie Anthon Berg,1,1,1,0,0,450,7,23,50,0
Ciocolata cu crema de ciocolata Ritter Sport ,1,1,1,0,0,544,5,36,48,6.6
Ciocolata cu crema de fistic Desir de Pistaches  Emoti,1,1,1,0,0,546,5,33,55,0
Ciocolata cu crema de iaurt Ritter Sport,1,1,1,0,0,569,8,38,48,1.7
Ciocolata cu crema de iaurt si mango Schogetten,1,1,1,0,0,549,6.7,34,54,0
Ciocolata cu crema de menta Midnight Mints,1,1,1,0,0,455,3.5,17,70,4
Ciocolata cu frisca Alpen Sahne Choceur,1,1,1,0,0,555,8,34.8,52.2,0.1
Ciocolata cu fulgi de migdale Florentine GrandOr Heidi,1,1,1,0,0,513.2,8.9,29.5,52.2,1.6
Ciocolata cu fulgi de porumb Ritter Sport,1,1,1,0,0,525,6,29,59,2.4
Ciocolata cu lapte Africana,1,1,1,0,0,520,3.7,28,62.5,2.6
Ciocolata cu lapte Arista,1,1,1,0,0,502.9,2.3,29.4,59.5,0
Ciocolata cu lapte Balin,1,1,1,0,0,524.8,5.7,29.9,58.3,2.6
Ciocolata cu lapte cu crema frisca si biscuiti Milka,1,1,1,0,0,555,5.7,34.5,54.5,2.1
Ciocolata cu lapte Frigor Switzerland,1,1,1,0,0,561,6,37,51,0
Ciocolata cu lapte Kandia,1,1,1,0,0,535,4.4,31.1,62.1,0
Ciocolata cu lapte Laura,1,1,1,0,0,525,4,29.5,60.1,0.9
Ciocolata cu lapte Milka,1,1,1,0,0,545,7.7,33.5,52.6,0
Ciocolata cu lapte Milky Way,1,1,1,0,0,454,3.8,17,71.6,0
Ciocolata cu lapte Poiana,1,1,1,0,0,533,5.7,30.8,57.7,2.4
Ciocolata cu lapte Primola,1,1,1,0,0,537.7,11.8,30.3,52.4,0
Ciocolata cu lapte Ritter Sport,1,1,1,0,0,533,7,31,57,2.8
Ciocolata cu lapte Schogetten,1,1,1,0,0,535,5.9,31,57,0
Ciocolata cu lapte si alune de padure intregi caramelizate Heidi,1,1,1,0,0,550,8.5,41,39.2,0
Ciocolata cu lapte si alune de padure intregi Primola Supreme,1,1,1,0,0,545.7,18,36.1,37.2,0
Ciocolata cu lapte si alune Derby,1,1,1,0,0,551,6.8,34.8,51.3,2.7
Ciocolata cu lapte si alune intregi Fin Carre,1,1,1,0,0,568,8.7,37,50,0
Ciocolata cu lapte si alune intregi Milka,1,1,1,0,0,560,8.4,36,49,2
Ciocolata cu lapte si crema de caise Laura,1,1,1,0,0,495,2.6,22.4,69.5,0
Ciocolata cu lapte si migdale intregi Ritter Sport,1,1,1,0,0,546,9,37,45,3.6
Ciocolata cu lapte si umplutura de lapte Schogetten,1,1,1,0,0,565,4.7,36.7,53.3,0
Ciocolata cu lapte si umplutura de praline Delhaize,1,1,1,0,0,579,6.8,39.3,48.6,2
Ciocolata cu lapte si umplutura praline 365,1,1,1,0,0,529,7,30.9,56,0
Ciocolata cu lapte Torras,1,1,1,0,0,473,6,34,54,1
Ciocolata cu lapte umpluta cu caramel Katy,1,1,1,0,0,480,4.1,19.1,67.6,1.3
Ciocolata cu lapte umpluta cu crema de lapte Schoko Milch Riegel,1,1,1,0,0,567,7.6,36.4,51.8,0.9
Ciocolata cu lapte umpluta cu trufa si rom Jamaica Schogetten,1,1,1,0,0,526,5,29,56,0
Ciocolata cu lapte  alune si stafide Derby,1,1,1,0,0,493,6.1,26.3,54.3,0
Ciocolata cu martipan Ritter Sport,1,1,1,0,0,484,6,27,53,5
Ciocolata cu menta After Eight,1,1,1,0,0,418,2.1,12.2,74.6,0
Ciocolata cu menta Choceur,1,1,1,0,0,468,4,22,63,0
Ciocolata cu menta Fresh Mint Primola,1,1,1,0,0,445.2,1.9,25.2,52.8,0
Ciocolata cu menta Ritter Sport ,1,1,1,0,0,488,3,27,59,3.7
Ciocolata cu mere si scortisoara Winter Venture Heidi,1,1,1,0,0,531,6.8,35.7,51.9,0
Ciocolata cu migdale intregi Noir Amandes Kaufland,1,1,1,0,0,556,10.9,38,38,0.5
Ciocolata cu migdale Schogetten,1,1,1,0,0,550,6,34,54,0
Ciocolata cu nuci si miere Heidi,1,1,1,0,0,580,6.5,42,44.3,0
Ciocolata cu portocale si scortisoara Winter Venture Heidi,1,1,1,0,0,546,6.9,36.8,52.8,0
Ciocolata cu praline Ritter Sport ,1,1,1,0,0,544,7,34,52,3.3
Ciocolata cu rom Arista,1,1,1,0,0,396,5,19,66,0
Ciocolata cu rom Poiana,1,1,1,0,0,490,4.1,24.5,61,2.2
Ciocolata cu spuma de ciocolata Ritter Sport,1,1,1,0,0,535,6.6,35.9,46.4,6.6
Ciocolata cu stafide Poiana,1,1,1,0,0,505,5.3,27.2,59,2.7
Ciocolata cu stafide si alune Ritter Sport ,1,1,1,0,0,501,6,29,54,3.1
Ciocolata Dark Coffee Heidi,1,1,1,0,0,547.1,6.1,37.9,46.8,1.5
Ciocolata dark fara zahar Valor,1,1,1,0,0,446,6.1,32.8,50.8,7.7
Ciocolata dark portocale Heidi,1,1,1,0,0,518.8,7.1,34.6,44.8,0
Ciocolata de casa cu alune Batonul Copilariei,1,1,1,0,0,445,5.3,15.8,70.3,0
Ciocolata de lux 72% cacao Bucuria,1,1,1,0,0,554,9.4,40.9,37,0
Ciocolata de post cu crema de cafea Romana,1,1,1,0,0,507,4,22,65,0
Ciocolata de post cu crema de rom Romana,1,1,1,0,0,474,4,22,65,0
Ciocolata dietetica fara zahar  cu capsuni Erdbeer Joghurt Frankonia ,1,1,1,0,0,560,10,37,46,1.5
Ciocolata dietetica hipoglucidica neagra Gerble Glucoregul,1,1,1,0,0,399,6.3,30.3,36.1,23.6
Ciocolata dietetica Milka Diet cu Lapte din Alpi,1,1,1,0,0,554,6.7,43,31,0
Ciocolata dietetica neagra 70% Wawel,1,1,1,0,0,474,8,38.8,34.5,11.6
Ciocolata dietetica Ron-Trufa,1,1,1,0,0,517,8,32,48,4
Ciocolata Dinner Mints Bohme,1,1,1,0,0,453,4.5,17,70,0
Ciocolata Eclats de Feves 72% Carrefour,1,1,1,0,0,575,8.4,43,33,11
Ciocolata Edel Kaffee Sahne Bellarom,1,1,1,0,0,548,7.2,36,50,1.8
Ciocolata Excellence Chilli Lindt,1,1,1,0,0,505,5.4,32,49,0
Ciocolata extra neagra 76 % Corona Intenza Kraft,1,1,1,0,0,569,10,42.6,35.3,2.2
Ciocolata fara zahar cu cappuccino Sly,1,1,1,0,0,472.1,8,32.9,53,0
Ciocolata fina neagra 74% cacao Bellarom,1,1,1,0,0,561,9.7,41,32,10
Ciocolata fondanta Torras,1,1,1,0,0,454,6,34,49,7
Ciocolata Heidi Florentine,1,1,1,0,0,514,8.9,29.5,52.2,1.6
Ciocolata indulcita cu stevia Torras,1,1,1,0,0,410,6.5,37,32.5,18
Ciocolata Katzenzungen Kufferle,1,1,1,0,0,559,9,37.2,47.1,0
Ciocolata Kinder Country,1,1,1,0,0,553,9.5,33.7,53,0
Ciocolata La Route Des Alpes,1,1,1,0,0,505,5.1,24.3,59.5,0
Ciocolata lapte alpin Ritter Sport ,1,1,1,0,0,542,8,32,55,2.7
Ciocolata lapte cu bucati de alune de padure camarelizate Heidi,1,1,1,0,0,568,8.6,36.8,50.9,0
Ciocolata lapte cu bucati de cacao si cafea Heidi,1,1,1,0,0,525,8.3,31.3,55.9,0
Ciocolata lapte cu stafide si alune de padure Heidi,1,1,1,0,0,517,8.6,30,53.2,0
Ciocolata Malaga Baron,1,1,1,0,0,551,5.6,35.8,51.8,0
Ciocolata mentolata cu alune Mister Choc Lidl,1,1,1,0,0,499,10,27.9,50.9,2.8
Ciocolata Merci,1,1,1,0,0,590,7.7,38.5,51.3,0
Ciocolata Milka alune de padure,1,1,1,0,0,541,7.4,32,54.3,0
Ciocolata Milka alune si stafide,1,1,1,0,0,491,6.3,25.7,57.6,0
Ciocolata Milka Bratapfel cu scortisoara si mar,1,1,1,0,0,509,6.7,26.7,59,0
Ciocolata Milka caramel,1,1,1,0,0,485,4.8,33,63,1.2
Ciocolata Milka Diet,1,1,1,0,0,500,6.7,31,43,0
Ciocolata Milka Happy Cow,1,1,1,0,0,530,6.3,29.5,59,0
Ciocolata Milka iaurt si capsuni,1,1,1,0,0,560,6.8,35.5,52.5,0
Ciocolata Milka Luflee Milk,1,1,1,0,0,530,6.6,29.7,58.4,0
Ciocolata Milka Luflee Noisette,1,1,1,0,0,546,7.7,33.8,52.4,0
Ciocolata Milka Luflee White,1,1,1,0,0,535,4.5,29.5,63,0
Ciocolata Milka M-Joy Alune,1,1,1,0,0,555,8.4,36,49,0
Ciocolata Milka M-Joy Lapte,1,1,1,0,0,530,6.6,29.5,58.6,0
Ciocolata Milka M-Joy Migdale,1,1,1,0,0,540,9.1,33.3,50.8,0
Ciocolata Milka M-Joy Orez crocant,1,1,1,0,0,505,6.7,25.5,62.5,1.8
Ciocolata Milka Milkinis,1,1,1,0,0,575,7.9,38.5,48.5,0
Ciocolata Milka Noisette cu alune,1,1,1,0,0,545,7.7,33.5,52.6,0
Ciocolata Milka Sahne Creme,1,1,1,0,0,605,5.4,44.5,45.5,1.8
Ciocolata Milka Shoko & Keks,1,1,1,0,0,555,5.7,34.5,54.5,2.1
Ciocolata Milka spuma de ciocolata,1,1,1,0,0,560,7.4,38,46,0
Ciocolata Milka Weihnacht cu scortisoara si portocale,1,1,1,0,0,509,6.6,27.5,57.9,0
Ciocolata neagra 60% cacao Nestle Ecuador ,1,1,1,0,0,544,6.6,7.2,43.1,0
Ciocolata neagra 70% cacao Nero Perugina ,1,1,1,0,0,560,7.5,39.4,38.3,0
Ciocolata neagra 70% cu portocale J.D.Gross,1,1,1,0,0,520,7.1,39.4,34.1,0
Ciocolata neagra 70% Lindt,1,1,1,0,0,520,8,33,40,15
Ciocolata neagra 70% Wewel,1,1,1,0,0,474,8,38.8,34.5,11.8
Ciocolata neagra 72% cacao Frey,1,1,1,0,0,560,8,45,30,0
Ciocolata neagra 72% cu smochine si nuci Delhaize,1,1,1,0,0,565,8,45,32,11
Ciocolata neagra 72% Dolciando,1,1,1,0,0,559,8.4,42.1,29.7,0
Ciocolata neagra 73%,1,1,1,0,0,174,2,12,15,0
Ciocolata neagra 74% Bellarom Lidl,1,1,1,0,0,561,9.7,41,32,0
Ciocolata neagra 74% cacao Katy Exquizite,1,1,1,0,0,557,8.7,41,32,0
Ciocolata neagra 74% cacao Noir Kaufland,1,1,1,0,0,584,8.7,41,45,0
Ciocolata neagra 75% Anidor,1,1,1,0,0,510,11.3,36.7,40.8,11.5
Ciocolata neagra 75% cacao Sorini Tanzania,1,1,1,0,0,554,7.5,45.8,28,0
Ciocolata neagra 81% J.D. Gross,1,1,1,0,0,516,10,42.8,22.8,0
Ciocolata neagra 85% Auchan,1,1,1,0,0,599,9.4,52,16.8,13.2
Ciocolata neagra 85% cacao Heidi GrandOr,1,1,1,0,0,627.4,7.9,57.4,18.4,1.6
Ciocolata neagra 85% cacao Lindt,1,1,1,0,0,533.3,10,46.6,20,6.6
Ciocolata neagra 85% Casino,1,1,1,0,0,547,10,47,21,15
Ciocolata neagra Arriba Superieur,1,1,1,0,0,550,10,42.8,22.8,1.7
Ciocolata neagra bio Delhaize,1,1,1,0,0,543,7.5,41,36,12
Ciocolata neagra cu alune Baron,1,1,1,0,0,536,6,35.1,48.8,0
Ciocolata neagra cu alune de padure Dark & Hazelnuts Heidi,1,1,1,0,0,542,7.9,38.7,40.6,0
Ciocolata neagra cu alune de padure intregi Anidor,1,1,1,0,0,552.5,8,43.2,32.9,0
Ciocolata neagra cu aroma de portocale Baron,1,1,1,0,0,505,6,30.2,52.1,0
Ciocolata neagra cu aroma de portocale Nero Perugina,1,1,1,0,0,537,4.7,32,54.3,0
Ciocolata neagra cu arome de migdale si capsuni Baron,1,1,1,0,0,479,4.6,28,52.3,0
Ciocolata neagra cu arome de visine Baron,1,1,1,0,0,505,6,30.2,52.1,0
Ciocolata neagra cu crema de menta Cora,1,1,1,0,0,443,3.3,18,67,0
Ciocolata neagra cu fructe de padure si stevia Torras,1,1,1,0,0,410,6.5,36,33,18
Ciocolata neagra cu indulcitor Dambert,1,1,1,0,0,420,5.6,33.2,48.7,7.9
Ciocolata neagra cu migdale Baron,1,1,1,0,0,533,7,43.4,48.9,0
Ciocolata neagra cu migdale fara zahar Torras,1,1,1,0,0,485,9,0.5,45,8
Ciocolata neagra cu portocale Katy Exquisite Kaufland,1,1,1,0,0,549,8.3,35,50,0
Ciocolata neagra cu portocale Naturgie,1,1,1,0,0,550,9.3,45,22.2,16.7
Ciocolata neagra cu sara Heidi Dark Black Salt,1,1,1,0,0,559,7,33.9,56.6,0
Ciocolata neagra Dark Chili Heidi,1,1,1,0,0,580.2,6.4,38.6,51.8,0
Ciocolata neagra Delhaize,1,1,1,0,0,508,5.5,31.3,51.1,8.3
Ciocolata neagra Delhaize Swiss,1,1,1,0,0,519,7.3,39.5,31.7,11.5
Ciocolata neagra dessert tip menaj Carrefour,1,1,1,0,0,497,6.6,27,52,9.7
Ciocolata neagra extra dark Ritter Sport,1,1,1,0,0,560,7,47,30,10.1
Ciocolata neagra Fin Carr√©,1,1,1,0,0,524,5.2,31.8,50.6,0
Ciocolata neagra Firts Nice Lidl,1,1,1,0,0,492,4.6,28.1,51.4,0
Ciocolata neagra pufoasa si intensa Primola ,1,1,1,0,0,357.5,4.9,19.7,47,0
Ciocolata neagra Ritter Sport,1,1,1,0,0,525,5,33,51,7.3
Ciocolata Primola alba delicata,1,1,1,0,0,551.6,13.4,31.8,50.7,0
Ciocolata Primola alune si stafide,1,1,1,0,0,522,11.6,27.8,51.2,0
Ciocolata Primola amaruie 57% cacao,1,1,1,0,0,494,0.6,36.7,41.6,0
Ciocolata Primola amaruie lichior cirese,1,1,1,0,0,475,7.3,24.1,55.5,0
Ciocolata Primola cappuccino cremos,1,1,1,0,0,552,11.9,33.5,48.8,0
Ciocolata Primola frappe,1,1,1,0,0,501.2,10.5,26.8,52.5,0
Ciocolata Primola frisca fina,1,1,1,0,0,560,16,33.6,46.6,0
Ciocolata Primola lemon lime,1,1,1,0,0,461,11.9,20.2,57.6,0
Ciocolata ROM Autentic,1,1,1,0,0,480,3.5,23.9,62.2,1.4
Ciocolata Schogetten sampanie si trufe,1,1,1,0,0,494,5.4,28,55,0
Ciocolata semi-amaruie Schogetten,1,1,1,0,0,510,5.7,31,52,0
Ciocolata Sly Diet,1,1,1,0,0,472,9.2,32.4,50.5,0
Ciocolata Snickers,1,1,1,0,0,509,9.2,27.9,55.3,0
Ciocolata stracciatella Lindt Excellence,1,1,1,0,0,590,6.1,40,51,0
Ciocolata tartinabila cu alune Auchan,1,1,1,0,0,543,5.9,32.2,57.4,2.6
Ciocolata tiramisu bouquette Heidi,1,1,1,0,0,534,6.8,31.9,55.1,0.9
Ciocolata tiramisu Creamy Heidi,1,1,1,0,0,576.5,5.2,37.2,55.2,0.7
Ciocolata Toblerone,1,1,1,0,0,525,5.4,29,60,0
Clatite cu dulceata,1,1,1,0,0,295,1.5,15,36,0
Clatite pufoase Dr. Oetker,1,1,1,0,0,359,7.3,16.6,45.1,1.8
Coliva cu biscuiti si nuci,1,1,1,0,0,254.2,4.1,8,43,0.8
Cookies cu ciocolata Weight Watchers,1,1,1,0,0,447,6.7,17.9,64.8,5.3
Cornete de inghetata,1,1,1,0,0,270,3.2,12.4,36.1,0.6
Cornulete cu caise Boromir,1,1,1,0,0,455,12.5,18.3,60.1,3
Cornulete cu crema de vanilie Cake Mania,1,1,1,0,0,310.4,4.8,5.9,56.7,1.2
Cornulete cu prune Boromir,1,1,1,0,0,466,13.7,18.8,60.5,0
Cornulete fragede cu rahat Natural Vit,1,1,1,0,0,432,4.4,17,62.4,0
Cozonac,1,1,1,0,0,540,7.4,12.2,80.1,3.4
Cozonac Battistero Il Pandoro Sacher,1,1,1,0,0,412,7.4,19.4,51.9,0
Cozonac cacao Boromir 500g,1,1,1,0,0,406.8,10.2,20.4,45.6,3
Cozonac ciocolata panettone Vecchio Forno,1,1,1,0,0,393,7,17,53,0
Cozonac cu cacao si rahat Boromir,1,1,1,0,0,434,10,14.5,63,3.5
Cozonac cu ciocolata Boromir,1,1,1,0,0,502,11,42,20,0
Cozonac cu fulgi de ciocolata Boromir,1,1,1,0,0,378.5,4.8,14.9,56.3,0
Cozonac cu nuca Grewe,1,1,1,0,0,377.5,6.6,8.7,50.2,0
Cozonac cu nuca si stafide Boromir,1,1,1,0,0,411,11.5,19.8,46.7,0
Cozonac cu stafide Boromir,1,1,1,0,0,365.4,8.9,13,53.2,0
Cozonac Panetonne Boromir,1,1,1,0,0,355,13.8,10.3,51.9,0
Cozonac Popular cu nuca  stafide si cacao Dobrogea ,1,1,1,0,0,333,10.4,9.7,48.9,0
Cozonac raw Olivia Steer,1,1,1,0,0,497,12.9,29.5,45.1,2.7
Crema cacao cu 13% alune de padure Choco Nussa ,1,1,1,0,0,560,5.9,35.7,51.8,3.7
Crema ciocolata ecologica Natura Land,1,1,1,0,0,564,3.5,34.8,59.4,0
Crema de alune cu cacao Nutella,1,1,1,0,0,544,6,31.6,57.3,3.4
Crema de branza 0 2% cu capsuni Genus Exquisa Quark,1,1,1,0,0,86,6.5,0.2,14.5,0
Crema de branza dietetica Exquisa Frucht&Quark Maracuia,1,1,1,0,0,87,6,3,9.2,0
Crema de cacao cu alune Sly Diet,1,1,1,0,0,506.4,8.6,34.8,48.9,0
Crema de ciocolata Finetti,1,1,1,0,0,550,3,35,55,0
Crema de ciocolata Ja,1,1,1,0,0,560,6.2,35.7,51.4,0
Crema de ciocolata keto,1,1,1,0,0,486,6,47.4,6,2.1
Crema de ciocolata Nutella,1,1,1,0,0,541,5.4,29.7,62.2,5.4
Crema de ciocolata Nutella Ferrero,1,1,1,0,0,530,6.8,31,56,0
Crema de ciocolata Nuxee Duo,1,1,1,0,0,558,2.2,34.1,60.2,0
Crema de zahar ars Danette Danone,1,1,1,0,0,159,4,4.1,26.4,0
Crema desert cu aroma de vanilie si frisca Ehrmann,1,1,1,0,0,94,3,1.8,17,0
Crema desert de roscove Bio All Green,1,1,1,0,0,564,3.5,39.9,59.4,0
Crema dietetica de alune cu cacao Gerble,1,1,1,0,0,252,5.7,6.6,55.7,10.4
Crema dietetica de ciocolata cu alune Nuss,1,1,1,0,0,570,5,37,52,0
Crema nougat cu alune Nusetti,1,1,1,0,0,554,4,36.2,53.1,0
Crema pentru prajituri cu gust de ciocolata Dr. Oetker,1,1,1,0,0,175,4,7.7,22.5,0
Cremsnit cu frisca Mega Image,1,1,1,0,0,169,3.2,2.3,34,0
Crioissant cu alune 7 Days,1,1,1,0,0,368,6,22,35,0
Croissant All Albicoca Gusparo,1,1,1,0,0,395,7.2,16.8,53.8,0
Croissant cu 25% crema de vin spumant Boromir,1,1,1,0,0,390.6,6.2,17.2,52.7,0
Croissant cu caramel Vita Star,1,1,1,0,0,419,8.1,22.9,48.2,0
Croissant cu ciocolata 365,1,1,1,0,0,443,6.3,25.7,46.3,0
Croissant cu ciocolata 7 Days,1,1,1,0,0,443,6.7,27.5,42,0
Croissant cu crema caramel Fine Foods,1,1,1,0,0,404,6.7,18.5,50.9,3.8
Croissant cu crema de cacao Boromir,1,1,1,0,0,370,5.7,11.2,67.2,0
Croissant cu crema de caise Boromir,1,1,1,0,0,375.1,5.9,13.5,57.5,0
Croissant cu crema de ciocolata Delly Plus,1,1,1,0,0,443,6.8,26,53.6,0
Croissant cu crema de vanilie Magic,1,1,1,0,0,390,6.5,15.7,55,0
Croissant cu gem de capsuni Dolce Momento,1,1,1,0,0,443,6.8,25.6,53.6,0
Croissant Double cu vanilie si cacao 7 Days,1,1,1,0,0,450,7,28,44,0
Croissant Double cu vanilie si portocala 7 Days,1,1,1,0,0,430,6,25,44,0
Croissant Double cu vanilie si visine 7 Days,1,1,1,0,0,430,6,25,44,0
Croissant Panna e Cacao Casalini,1,1,1,0,0,426,5.7,22.4,50.4,0
Croissantul Casei cu crema de cacao Alka,1,1,1,0,0,427,7.7,24.5,43.8,1.5
Croissantul casei cu crema de lamaie si vanilie Alka,1,1,1,0,0,443,7.9,26.6,43.2,1.5
Desert Amina Snack Attack,1,1,1,0,0,217,12.5,2.5,34.9,0
Desert cafe frappe Grand Dessert Ehrmann,1,1,1,0,0,118,2.6,4.8,16,0
Desert crema de branza cu capsuni diet Fit Vital Ehrmann,1,1,1,0,0,62,5.7,0.1,9.6,0.2
Desert crema de ciocolata Fit Vital diet Ehrmann,1,1,1,0,0,62,3.5,0.9,10,0.5
Desert crema de vanilie Fit Vital diet Ehrmann,1,1,1,0,0,68,3.1,1.6,10.5,0
Desert cu gust de cappuccino Carrefour,1,1,1,0,0,414,2.3,20.7,54.7,0
Desert cu gust de vanilie si frisca Zott,1,1,1,0,0,99,1.5,3.4,15.7,0
Desert cu orez si ciocolata Riso Muller,1,1,1,0,0,111,3.3,2.5,18.8,0
Desert de cacao si frisca Liegeois Zott,1,1,1,0,0,108,1.4,3.5,17.6,0
Desert de caramel si frisca Liegeois,1,1,1,0,0,98,1.5,2.5,17.3,0
Desert de ciocolata Sly Diet,1,1,1,0,0,409.3,14.2,8.7,68.7,0
Desert de orez cu lapte si gust de caramel Riso Muller,1,1,1,0,0,104,3.2,2.4,17.3,0
Desert de vanilie si frisca Liegeois Zott,1,1,1,0,0,99,1.5,3.4,15.7,0
Desert din soia cu aroma de ciocolata + calciu Joya,1,1,1,0,0,96.6,3.4,2.4,14.8,1.1
Desert din soia cu aroma de vanilie + calciu Joya,1,1,1,0,0,88.7,3.1,1.9,14.5,0.6
Desert din soia cu vanilie Alpro,1,1,1,0,0,80,3,1.8,12.7,0.6
Desert orez cu lapte si caramel Muller,1,1,1,0,0,104,3.2,2.4,17.3,0
Desert orez cu lapte si ciocolata Muller,1,1,1,0,0,111,3.3,2.5,18.8,0
Desert orez desert cu mar si scortisoara Dr.Oetker,1,1,1,0,0,123,3.4,2.9,20.7,0.3
Desert Profiteroles Bonta Divina,1,1,1,0,0,266,6,15.2,28.9,2.4
Desert tiramisu Gildo & Maria,1,1,1,0,0,256,3.1,10.8,33.8,0
Dessert cu sirop de capsiuni Milli Mia Family ,1,1,1,0,0,181,3.5,7.4,25,0
Drajeuri acrisoare Crazy Sours Skittles ,1,1,1,0,0,403,0,4.2,89.2,0
Drajeuri cu cacao Bonibon,1,1,1,0,0,497,2.2,20.9,75,1.2
Drajeuri cu vitamina C Tropical AcerolaTic Tac,1,1,1,0,0,382,0.2,0.7,92.2,0
Dropsuri cu cirese Granini,1,1,1,0,0,358,0,0,94,0
Dropsuri cu menta Orbit Wild Mint,1,1,1,0,0,231,0,0,96,0
Dropsuri cu zmeura si lime Orbit Clean,1,1,1,0,0,237,0,0,97,0
Dropsuri wild fruit flavour Orbit,1,1,1,0,0,236,0,0,96.4,0
Dulce de leche Nestle,1,1,1,0,0,313,7.2,7.8,53.5,0
Dulceata afine St. Dalfour,1,1,1,0,0,211,0.6,0.1,52,1.1
Dulceata de afine Fine Food,1,1,1,0,0,314,0,0,78,0.4
Dulceata de capsuni 365,1,1,1,0,0,246,0.4,0.2,60,1.2
Dulceata de capsuni Topoloveni,1,1,1,0,0,261,0.7,0.4,64.4,5.2
Dulceata de cirese negre Topoloveni,1,1,1,0,0,258,1.4,0.1,63.4,17.3
Dulceata de gutui Raureni,1,1,1,0,0,288,0,0,72,0
Dulceata de gutui Topoloveni,1,1,1,0,0,255,1.8,0.4,65.2,8.5
Dulceata de mure fara zahar adaugat Polaner,1,1,1,0,0,167,0,0,56,16.7
Dulceata de mure Horeca,1,1,1,0,0,288,0,0,72,0
Dulceata de visine,1,1,1,0,0,282,0.8,0,68,0
Dulceata de visine La Grande Famiglia,1,1,1,0,0,289,2,0,70.3,0
Dulceata de zmeura La Grande Famiglia,1,1,1,0,0,294,2.1,0,71.5,0
Dulceata dietetica de capsuni Zentis,1,1,1,0,0,117,0.4,0.2,28,1.7
Dulceata dietetica de cirese negre St. Dalfour,1,1,1,0,0,212,0.8,0.1,52,1.2
Dulceata dietetica de coacaze negre si rosii extra Zentis,1,1,1,0,0,118,0.6,0.1,28,3.9
Dulceata dietetica patru fructe St. Dalfour ,1,1,1,0,0,229,0.7,0.2,56,2.6
Dulceata din nuci verzi Raureni,1,1,1,0,0,288,0,0,72,0
Dulceata fructe padure diat Schwartau,1,1,1,0,0,178,0.3,0.1,41,0
Dulceata light de caise cu maltitol Delhaize ,1,1,1,0,0,158,0.3,0.1,61.7,1.3
Dulceta de capsuni Raureni,1,1,1,0,0,298.1,0.7,0.4,74.1,2.1
Ecler,1,1,1,0,0,329,5.9,10.2,55.2,0
Ecler cu ciocolata,1,1,1,0,0,300,6,9,50,0
Ecler cu ciocolata Paul,1,1,1,0,0,249.4,4.1,11.1,37.8,1.1
Ecler cu frisca Billa,1,1,1,0,0,336,5.2,13.4,46.2,0
Ecler vanilie fara frisca Ring ,1,1,1,0,0,325,5,11,30,0
Eugenia Mini Dobrogea,1,1,1,0,0,473,5,19.1,66.8,0
Eugenie cacao cu crema de cacao Big Fox RoStar,1,1,1,0,0,437.8,7.2,13.8,71.2,0
Eugenie cacao cu crema de vanilie Fox RoStar,1,1,1,0,0,356.7,4.7,16.5,47.4,0
Eugenie Cremita,1,1,1,0,0,405,33.4,15.7,33,33
Eugenie cu crema de lamaie Pheonix,1,1,1,0,0,449,5.7,20.5,60.4,0
Eugenie cu crema de vanilie si lamaie verde Fox RoStar,1,1,1,0,0,462.4,7.5,17.8,68,0
Eugenie de vanilie cu crema de cacao Fox RoStar,1,1,1,0,0,455.9,6.7,16,71.3,0
Eugenie Dobrogea,1,1,1,0,0,473,4.6,20.8,66.3,1
Eugenie Duky Arslan,1,1,1,0,0,502.2,6,21.3,68.2,0
Eugenie vanilie cu crema de cacao Big Fox RoStar,1,1,1,0,0,357.6,5.2,17.3,45.3,0
Felie de lapte Milch-schnitte Kinder,1,1,1,0,0,414,8,27.9,34,1.2
Figurine de ciocolata Merry Christmas Heidi,1,1,1,0,0,538,7.6,31.6,55.9,0
Foaie pandispan Gold Pasticer,1,1,1,0,0,373,10.5,9.3,61.7,1.4
Foietaj cu crema de lapte KFC,1,1,1,0,0,510.4,8.4,1.9,74.2,0
Frisca  Hopla,1,1,1,0,0,280,0.8,28.5,5.1,0.8
Frisca Dhul,1,1,1,0,0,305,2.2,27,13.2,0.1
Frisca Dr. Oetker produs finit,1,1,1,0,0,176.9,3.3,9.7,19,0
Frisca lichida Hulala,1,1,1,0,0,279,0.6,25,13,0
Frisca preparata din praf Darling,1,1,1,0,0,141,4.9,6.6,15.4,0
Frisca tub Adora,1,1,1,0,0,222,1.5,20.8,7.3,0
Fursecuri Coco Fleur Lambertz,1,1,1,0,0,541,6.6,32.1,54.4,4.1
Fursecuri cocos Aricel First Nice Lidl,1,1,1,0,0,476,5.7,23.9,59.4,0
Fursecuri cu nuca Gusturi Romanesti Mega Image,1,1,1,0,0,552,6.1,26.3,66.9,2.6
Fursecuri de casa,1,1,1,0,0,447.7,6,20.8,58.5,0.6
Fursecuri de casa cu stafide si rahat,1,1,1,0,0,331,6.8,10.8,52.2,5.6
Galusti cu prune Lidl,1,1,1,0,0,180,4.3,1.3,36.9,0
Gauffre belgiana,1,1,1,0,0,373,6.9,17,49,1
Gauffre cu oua proaspete 365 Mega Image,1,1,1,0,0,474,8.1,27.4,48.2,1.3
Gaufre cu miere bio All Green ,1,1,1,0,0,492,11.8,20.1,72,1.6
Gaufre cu oua Lidl,1,1,1,0,0,466,6.8,27,48,2.1
Gaufre Mega Image,1,1,1,0,0,474,8.1,27.4,48.2,1.3
Gelatina light Royal Kraft Foods,1,1,1,0,0,10,1.3,0,1.4,0.1
Gem caise light Carrefour,1,1,1,0,0,167,0.4,0.1,41,1.3
Gem de afine Lowicz,1,1,1,0,0,142,0.3,0.2,34.3,0
Gem de afine Rhapsodie de Fruit St. Dalfour,1,1,1,0,0,211,0,0,52,1.1
Gem de caise Rhapsodie de Fruit St.Dalfour,1,1,1,0,0,227,0.4,0.3,56,1.7
Gem de capsuni diet Gobber,1,1,1,0,0,175,1,1,42,0
Gem de capsuni dietetic Arovit,1,1,1,0,0,105,0.6,0.1,25.2,0
Gem de fructe de padure extra Matinal,1,1,1,0,0,245,0.5,0.4,57.6,2.7
Gem de fructe de padure light Cora,1,1,1,0,0,102,0.3,0.1,24,0.7
Gem de piersici fara zahar Helios,1,1,1,0,0,22,0.5,0,5.4,1
Gem de piersici Vita,1,1,1,0,0,233,0,0,62,0
Gem de portocale Cora,1,1,1,0,0,236,0,0,59,0
Gem de prune Bio-Jam OEarth,1,1,1,0,0,194,0.8,0.3,48,2.2
Gem de visine dietetic Arovit,1,1,1,0,0,112,0.9,0.1,25,0
Gem diabetici din trandafiri Darinne,1,1,1,0,0,142,0,0,57,0
Gem dietetic de caise DArbo,1,1,1,0,0,143,0.4,0.1,57,0
Glucoza Amy,1,1,1,0,0,320,0,0,77.7,0
Gogoasa simpla,1,1,1,0,0,426,5.2,22.9,50.8,1.5
Gogosi Desayunos y Meriendas,1,1,1,0,0,475,7,27,51,0
Gris cu lapte 1 5% Mondamin Griessbrei,1,1,1,0,0,95,4,1.5,16,0.5
Gris desert Dr. Oetker,1,1,1,0,0,111,3.6,3,17.2,0.3
Guma de mestecat Wrigley Big Red,1,1,1,0,0,370,0,0,74,0
Halva Cora,1,1,1,0,0,560,20,32,48,0
Halva cu cacao August,1,1,1,0,0,530,15.8,36.4,38.3,0
Halva cu fistic fara zahar Koska,1,1,1,0,0,494.2,14.6,42,14.3,2
Halva cu migdale 365,1,1,1,0,0,540,15.3,35.1,40.8,50
Halva de floarea soarelui Feleacul,1,1,1,0,0,528,19,36,49,0
Halva de floarea-soarelui,1,1,1,0,0,574,13,38,45,0
Halva de vanilie,1,1,1,0,0,523,11.6,29.7,54,0
Halvita cu arahide,1,1,1,0,0,381,0.3,3.6,81.2,0
Inele de biscuiti Sondey Lidl,1,1,1,0,0,541,4.6,14.8,23.1,0.9
Inghetata,1,1,1,0,0,164,2.2,4.5,27.8,0
Inghetata  de portocaleTwister Orange Algida,1,1,1,0,0,110,0.5,1,23,0
Inghetata Aloma cu vanilie si caramel,1,1,1,0,0,188,3.4,5.2,32,0
Inghetata Aloma Vanilla Strawberry Syrup,1,1,1,0,0,169,3.1,4.1,29.9,0
Inghetata Amarena Cherry Stilla,1,1,1,0,0,193,2,8.6,26.5,0
Inghetata aroma portocala cu bucati de portocale KFC,1,1,1,0,0,227.9,2.3,33.1,9.6,0
Inghetata aroma portocala cu topping de ciocolata KFC,1,1,1,0,0,231.3,2.8,31.4,10.5,0
Inghetata aroma vanilie Moana Betty Ice,1,1,1,0,0,129,2.9,4,20.5,0
Inghetata Best Megabar Nestle,1,1,1,0,0,343,4.3,21.5,33,0
Inghetata Betty Blue ciocolata Betty Ice,1,1,1,0,0,180,2.7,10,19.8,0
Inghetata Betty Blue fructe de padure Betty Ice,1,1,1,0,0,194,2.1,10,23.8,0
Inghetata Betty Blue pecan praline Betty Ice,1,1,1,0,0,243,3,16.5,20.5,0
Inghetata Bounty,1,1,1,0,0,335,4.1,22.3,29.8,0
Inghetata cacao 365,1,1,1,0,0,203,3.2,11.2,22.4,0
Inghetata cacao Armony Betty Ice,1,1,1,0,0,150,2.5,6,21.5,0
Inghetata cacao cherry syrup Aloma,1,1,1,0,0,180,3.8,3.9,32.4,0
Inghetata cacao cu arahide si glazura de cacao Alpin,1,1,1,0,0,276.1,11.8,14.6,21.6,0
Inghetata cacao cu ciocolata Aloma,1,1,1,0,0,192,4.8,5.7,30.7,0
Inghetata cacao Kit Kat,1,1,1,0,0,227,3.7,9.2,32.3,0
Inghetata cacao Metropolis Amicii,1,1,1,0,0,215.8,1.9,10.5,28.2,0
Inghetata cafe Carte DOr,1,1,1,0,0,200,3,9,2.5,0.5
Inghetata capsuni McFlurry McDonalds,1,1,1,0,0,190,3.3,4.7,34,0.7
Inghetata capsuni McSunday McDonalds,1,1,1,0,0,230,4,5,42,1
Inghetata capsuni Minuto Betty ice,1,1,1,0,0,132,2.2,3,24.1,0
Inghetata caramel Best Nestle,1,1,1,0,0,294,4.6,30.3,17.2,0
Inghetata caramel cacao syrup Aloma,1,1,1,0,0,175,3.7,5,28.8,0
Inghetata caramel cornet Baleto Betty Ice,1,1,1,0,0,150,2.5,6,21.5,0
Inghetata caramel Lido Betty Ice,1,1,1,0,0,150,2.5,6,21.5,0
Inghetata caramel Minuto Betty Ice,1,1,1,0,0,123,2.4,3,21.3,0
Inghetata caramel Toledo Betty Ice,1,1,1,0,0,150,2.5,6,21.5,0
Inghetata Carte DOr muffin,1,1,1,0,0,220,4,9,32,0.8
Inghetata Choc Choc Chip Nirvana,1,1,1,0,0,248,4.7,12.8,28.6,0
Inghetata choco Lido Betty Ice,1,1,1,0,0,144,2.7,6,19.8,0
Inghetata choco Toledo Betty Ice,1,1,1,0,0,150,2.5,6,21.5,0
Inghetata ciocolapte Big Milk Algida,1,1,1,0,0,160,7,3.4,23,0.7
Inghetata ciocolata Belcanto Betty Ice,1,1,1,0,0,150,2.5,6,21.5,0
Inghetata ciocolata cu toping ciocolata Verity Betty Ice,1,1,1,0,0,123,2.4,3,21.5,0
Inghetata ciocolata migdale Premium Napoca,1,1,1,0,0,319,4.8,20,30,0
Inghetata ciocolata Minuto Betty Ice,1,1,1,0,0,118,2.6,3,20.1,0
Inghetata ciocolata si praline Nirvana,1,1,1,0,0,243,4.1,11.6,28.6,0
Inghetata cirese cornet Baleto Betty Ice,1,1,1,0,0,150,2.5,6,21.5,0
Inghetata Clasic JLC,1,1,1,0,0,231,4.6,15,19.4,0
Inghetata Cool & Slim vanilie-cacao Nestle,1,1,1,0,0,82,4.5,0.7,23,14
Inghetata cornet Big Milk,1,1,1,0,0,240,3.5,8,37,0
Inghetata cornet cacao Kit Kat,1,1,1,0,0,295,3.9,14.2,39.1,0
Inghetata cornet ciocolata Baleto Betty Ice,1,1,1,0,0,141,3.5,6,28.4,0.5
Inghetata cornet ciocolata Destiny Betty Ice,1,1,1,0,0,161,3.4,3.5,29,0.4
Inghetata cornet Corso,1,1,1,0,0,180,2.5,8.5,22.6,1.4
Inghetata cornet fructe padure Destiny Betty Ice,1,1,1,0,0,123,2.4,3,21.3,0
Inghetata cornet vanilie Destiny Betty Ice,1,1,1,0,0,123,2.4,3,21.3,0
Inghetata cornet vanilie-capsuni Joe,1,1,1,0,0,251,4.5,10.9,33.6,0
Inghetata Crispy Choc Top Gun,1,1,1,0,0,194,2.3,9.7,23.7,0
Inghetata cu aroma de caramel No. 1 Carrefour,1,1,1,0,0,173,1.2,8.2,20.6,0
Inghetata cu aroma de ciocolata si lichior de cafea Nirvana,1,1,1,0,0,251,4.7,12.8,29.2,0
Inghetata cu aroma de kiwi Poienita,1,1,1,0,0,205.6,3.6,10.3,23.3,0
Inghetata cu aroma de tiramisu Malaga Alpin,1,1,1,0,0,222,2.8,10.7,26.8,0
Inghetata cu biscuiti Cookies & Cream Nirvana,1,1,1,0,0,264,3.9,15.5,26.9,0
Inghetata cu capsui invelita in ciocolata alba Best Nestle,1,1,1,0,0,312,4,18.3,32.8,0
Inghetata cu capsuni Big Milk Algida,1,1,1,0,0,139,2,4.6,22,0
Inghetata cu caramel si nuci Top Gel,1,1,1,0,0,263.5,3.3,14.7,29.5,0
Inghetata cu ciocolata si migdale invelita in ciocolata Master Kpi Kpi,1,1,1,0,0,306,4,19.9,27.9,0
Inghetata cu cream cacao Joe,1,1,1,0,0,95,1.4,4.6,12,0.5
Inghetata cu fistic Delhaize,1,1,1,0,0,236,6.6,14.8,19.1,0
Inghetata cu fructe de padure si aroma iaurt 365,1,1,1,0,0,220,1.8,9.3,32.2,0
Inghetata cu fructe de padure si glazura cu aroma de iaurt Moana,1,1,1,0,0,139,1.7,4,24,0
Inghetata cu gust de vanilie si capsune Cool Stix K-Classic,1,1,1,0,0,193,2.2,9.3,25,0
Inghetata cu gust de vanilie si glazura de portocale Cool Stix K-Classic,1,1,1,0,0,155,2,5.2,25,0
Inghetata cu iaurt si fructe de padure KFC,1,1,1,0,0,220.7,2.7,31.5,9.3,0
Inghetata cu lamaie  portocale  capsune  cu glazura verde de zahar si bomboane efervescente Cool Stix K-Classic,1,1,1,0,0,139,0.2,2.5,29,0
Inghetata cu migdale si ciocolata Napolact Premium,1,1,1,0,0,307,4.7,25,21,0
Inghetata cu portocale si capsuni Twister Algida,1,1,1,0,0,95,0.5,1.5,21,0
Inghetata cu rom si stafide Betty Ice,1,1,1,0,0,148,3,6,20.5,0
Inghetata cu spuma de capsuni  lapte de pasare  ciocolata de casa Napoca,1,1,1,0,0,170,2.7,8,22,0
Inghetata cu stracciatella KFC ,1,1,1,0,0,239.7,3.2,30,11.9,0
Inghetata cu struguri Premium Napolact,1,1,1,0,0,268,3.1,16,28,0
Inghetata cu vanilie invelita in ciocolata alba Master Parfait Kpi Kpi,1,1,1,0,0,326,4.5,23.4,24.4,0
Inghetata cu vanilie sandwich Joe,1,1,1,0,0,277,5.2,11.6,38,0
Inghetata cu vanilie si caramel invelita in ciocolata Master Double Kpi Kpi,1,1,1,0,0,342.5,3.6,23.3,29.8,0
Inghetata cuore Lido Betty Ice,1,1,1,0,0,150,2.5,6,21.5,0
Inghetata cuore Toledo Betty Ice,1,1,1,0,0,150,2.5,6,21.5,0
Inghetata de cacao cu granule de alune si pricomigdale Obsession Amicii,1,1,1,0,0,267.1,4.2,15.2,28.3,0
Inghetata de cacao cu migdale Almond Chocolate Best,1,1,1,0,0,319,5.3,18.7,32.5,0
Inghetata de cappuccino si cacao Moana Betty Ice,1,1,1,0,0,177,2.4,9,21.5,0
Inghetata de capsuni Hit Nestle,1,1,1,0,0,244,3,13.6,27.4,0
Inghetata de capsuni si piersici Mini Smoothies Eistar,1,1,1,0,0,108,0.2,0.1,26.6,1
Inghetata de casa cu lamaie si iaurt 3%,1,1,1,0,0,75,2,2,12,0
Inghetata de casa cu visine,1,1,1,0,0,116.4,0.9,9.4,8,1
Inghetata de ciocolata classic Kaufland,1,1,1,0,0,223,3.4,12.1,24.3,1.8
Inghetata de ciocolata cu cirese KFC,1,1,1,0,0,231.2,2.6,32.5,10,0
Inghetata de ciocolata cu indulcitor Diet Elion,1,1,1,0,0,136,4,3.5,25.5,0
Inghetata de ciocolata pe bat Infinity Magnum Algida,1,1,1,0,0,340,4.5,22,27,0
Inghetata de ciocolata si de capsuni cu fulgi de ciocolata Still Dolce,1,1,1,0,0,189,2.7,8.6,25.3,0
Inghetata de ciocolata si rom Bamboo,1,1,1,0,0,156.6,3,7,33,0
Inghetata de fragute si lapte cu glazura de cacao Alpin Amera,1,1,1,0,0,268.6,2.5,19.8,20.1,0
Inghetata de frisca si fructe de padure Fulg de nea Alpin,1,1,1,0,0,192,2.4,9.4,24.2,0
Inghetata de fructe,1,1,1,0,0,134,0,0,32.6,0
Inghetata de lamaie La Cremeria Nestle,1,1,1,0,0,122,0,0,30.5,1.3
Inghetata de lapte cu banane si glazura de cacao Cool Stix K-Classic,1,1,1,0,0,236,4.1,12,28,0
Inghetata de lapte si ciocolata Milka Milkinis,1,1,1,0,0,309,4.8,19.3,29,0
Inghetata de nuci classic  Kaufland,1,1,1,0,0,253,2.8,15.2,26.1,0
Inghetata de pepene galben dietetica Lido,1,1,1,0,0,106,5.5,5,9.8,5.7
Inghetata de vanilie Bambino Top Gel,1,1,1,0,0,277.7,2.3,18,26.6,0
Inghetata de vanilie Cornetto Algida,1,1,1,0,0,280,3.5,15,32,0
Inghetata de vanilie cu glazura 365,1,1,1,0,0,314,3.3,19,32.4,0
Inghetata de vanilie la cornet Corner Ballino,1,1,1,0,0,275,3.3,13.1,35.9,0
Inghetata de vanilie pe bat cu sirop de capsuni acoperita in ciocolata Joe,1,1,1,0,0,244,3,13.6,27.4,0
Inghetata de vanilie pe bat Minuto Betty Ice,1,1,1,0,0,128,1.7,3,23.5,0
Inghetata de vanilie si cacao  cu arahide  cirese si topping de cacao Gelino Top Gel,1,1,1,0,0,156,2.4,6.6,21.7,0.8
Inghetata de vanilie Still Dolce,1,1,1,0,0,189,2.7,8.6,25.3,0
Inghetata de vanilie Top Gel,1,1,1,0,0,317.3,3.3,23.8,21.9,0
Inghetata de visine cu aroma de frisca si glazura de cacao Alpin Delicia,1,1,1,0,0,268.6,2.5,19.8,20.1,0
Inghetata forest fruit si mascarpone Best,1,1,1,0,0,333,3.6,20.2,34.1,0
Inghetata fragola Lido Betty Ice,1,1,1,0,0,148,3,6,20.5,0
Inghetata fragola Toledo Betty Ice,1,1,1,0,0,150,2.5,6,21.5,0
Inghetata frisca cornet Baleto Betty Ice,1,1,1,0,0,150,2.5,6,21.5,0
Inghetata frisca cu toping fructe de padure Verity Betty Ice,1,1,1,0,0,123,2.4,3,21.5,0
Inghetata fructe de padure Belcanto Betty Ice,1,1,1,0,0,160,1.7,6.3,24.5,0
Inghetata fructe de padure Metropolis Amicii,1,1,1,0,0,218.9,1.8,9.2,32.3,0
Inghetata fructul pasiunii Tonitto,1,1,1,0,0,132,0.1,0,32.6,0
Inghetata Fulg de Nea Alpin,1,1,1,0,0,187.7,2.5,9.3,21.6,0
Inghetata Hit de vanilie Nestle,1,1,1,0,0,256,3.1,14.6,28,0
Inghetata iaurt si fructe de padure Silla Dolce,1,1,1,0,0,156,2.6,2.1,31,0
Inghetata iaurt si fructe padure New Ice Amicii,1,1,1,0,0,185.4,1.5,6.1,31.2,0
Inghetata Ice Pop Alpin 57 Lux,1,1,1,0,0,92.1,0,0,22.8,0
Inghetata Koloroki Algida,1,1,1,0,0,90,0,0.5,21,0
Inghetata la cornet cu cacao Cornetto Algida,1,1,1,0,0,270,3.5,13,34,0
Inghetata la cornet cu cacao Rodeo moment Kpi Kpi,1,1,1,0,0,287,4,14.8,34.5,0
Inghetata la cornet cu cacao si vanilie Rodeo Classic Kpi Kpi,1,1,1,0,0,273,3.6,13.8,33.7,0
Inghetata la cornet cu ciocolata Topgun,1,1,1,0,0,283,3.6,12.6,37.9,0
Inghetata la cornet cu vanilie Rodeo moment Kpi Kpi,1,1,1,0,0,280,3.8,13.9,35,0
Inghetata la cornet Mini Topgun Nestle,1,1,1,0,0,353,4,18.5,42.4,0
Inghetata la cornet PinaColada Top Gun,1,1,1,0,0,243,2.1,9.7,36.7,0
Inghetata la cornet vanilie si ciocolata Joe,1,1,1,0,0,255,4.6,11,34.6,0
Inghetata malaga Lido Betty Ice,1,1,1,0,0,150,2.5,6,21.5,0
Inghetata malaga Toledo Betty Ice,1,1,1,0,0,150,2.5,6,21.5,0
Inghetata Maxibon Pops Nestle,1,1,1,0,0,348,3.7,24.5,28,0
Inghetata Mc Flurry cu toping ciocolata Lion King McDonalds,1,1,1,0,0,224,4,8,35,0.4
Inghetata Milka Choco Crisps,1,1,1,0,0,321,4.4,39.4,16.1,0.8
Inghetata mini coco vanilla Plus,1,1,1,0,0,401,4.1,24.5,41,0
Inghetata mini cu frisca si ciocolata Carrefour,1,1,1,0,0,174,3.5,8,22,0.9
Inghetata mini white Napoca,1,1,1,0,0,306,2.8,21,26.5,0
Inghetata mousse ciocolata Napolat,1,1,1,0,0,171,2.9,8,22,0
Inghetata Nestea fructe de padure Nestle,1,1,1,0,0,89,0,0,22,0
Inghetata Nestle Hello Kitty,1,1,1,0,0,156,1.6,6.1,23.7,0
Inghetata New Ice cacao si portocale Amicii,1,1,1,0,0,183.8,1.4,6.4,30,0
Inghetata Nirvana brownies si sirop ciocolata,1,1,1,0,0,234,4.5,10.6,30.1,0
Inghetata Nirvana cu caramel si nuci pecan,1,1,1,0,0,267,3.5,15.3,28.9,0
Inghetata Nirvana cu ciocolata si cirese,1,1,1,0,0,205,3.8,8.5,28.4,0
Inghetata Orsetto Betty Ice,1,1,1,0,0,152,3.1,4.6,24.5,2.3
Inghetata pe bat cacao Moana Betty Ice,1,1,1,0,0,173,2.4,9.2,20.2,0
Inghetata pe bat cacao si alune Moana Lux Betty Ice,1,1,1,0,0,126,2.6,4,19.8,0
Inghetata pe bat cacao si vanilie invelita in ciocolata Hi-Fi Kpi Kpi,1,1,1,0,0,260.4,3.5,16.5,24.6,0
Inghetata pe bat fructe de padure Moana Betty Ice,1,1,1,0,0,148,1.7,5,24,0
Inghetata pe bat lemon-vanilla Quickly Betty Ice,1,1,1,0,0,203,2.4,3,41.5,0
Inghetata pe bat Mini King Special Romanza Plus,1,1,1,0,0,342,3.8,21.4,33.6,0
Inghetata pe bat orange-vanilla Quickyly Betty Ice,1,1,1,0,0,203,2.4,3,41.5,0
Inghetata pe bat vanilie Moana Betty Ice,1,1,1,0,0,177,2.4,9,21.5,0
Inghetata pe bat zmeura-vanilla Quickyly Betty Ice,1,1,1,0,0,203,2.4,3,41.5,0
Inghetata pepene galben Betty Ice,1,1,1,0,0,158,2.1,6,23.8,0
Inghetata pepene verde Pirulo watermelon Nestle,1,1,1,0,0,91,0.1,0.7,21,0
Inghetata piersici Nestea,1,1,1,0,0,97,0.1,0.2,23.7,0
Inghetata pinacolada Bambino Topgel,1,1,1,0,0,157.9,2.2,5.4,25.1,0
Inghetata Premium Napoca,1,1,1,0,0,307,4,21,25,0
Inghetata profiterol Aloma,1,1,1,0,0,191,4.1,4.6,33.4,0
Inghetata quark chocolate Stilla dolce,1,1,1,0,0,178,2.8,8.6,22.2,0
Inghetata Rios Gigant Mini Quartett,1,1,1,0,0,366,4.5,24.2,31.7,1.8
Inghetata ROM autentic Napolact,1,1,1,0,0,255,1.9,16,26,0
Inghetata sandwich  vanilie Squash Betty Ice,1,1,1,0,0,150,2.5,6,21.5,0
Inghetata sandwich cacao Joe,1,1,1,0,0,254,3.2,12.6,32.2,0
Inghetata sandwich cacao Squash Betty Ice,1,1,1,0,0,150,2.5,6,21.5,0
Inghetata Sandwich Top Gel,1,1,1,0,0,219.9,2.5,12,25.5,0
Inghetata sandwich vanilie cacao rom Alpin57,1,1,1,0,0,306.4,21.2,14.4,23,0
Inghetata sandwich vanilie si biscuiti de cacao Squash Betty Ice,1,1,1,0,0,253,5.2,7.7,41,1
Inghetata Sandy cu sirop de capsuni Burger King,1,1,1,0,0,146.5,4,4.4,22.6,0
Inghetata Scufita Rosie Napolact,1,1,1,0,0,225,2.3,12,27,0
Inghetata serbet de lamaie Tonito,1,1,1,0,0,130,0,0,32,0
Inghetata Snickers,1,1,1,0,0,349,7.1,21.2,32.4,0
Inghetata sorbet fructul pasiunii Delhaize,1,1,1,0,0,151,0.6,0.1,36.8,0.6
Inghetata Starburst,1,1,1,0,0,102,0.5,0,19.2,0
Inghetata struguri Premium Napoca,1,1,1,0,0,300,3.5,19,29,0
Inghetata Super Ice cacao Ice Dyp,1,1,1,0,0,170,5,8,20,0
Inghetata tiramisu ananas New Ice Amicii,1,1,1,0,0,178.8,1.7,6,29.5,0
Inghetata tiramisu KFC,1,1,1,0,0,240.5,3.3,28,12.8,0
Inghetata TopGun Cookie,1,1,1,0,0,355,4.1,19.8,39.3,0
Inghetata Triple Chocolate Carte DOr,1,1,1,0,0,210,4,10,27,0
Inghetata Twister Green Algida,1,1,1,0,0,110,0.6,2,23,0
Inghetata Twix,1,1,1,0,0,343,4.6,19.8,36.3,0
Inghetata Ursul Polar Betty Ice,1,1,1,0,0,156,2.5,3.3,29.1,0.3
Inghetata vafa cacao Betty Ice,1,1,1,0,0,118,2.6,3,20.1,0
Inghetata vafa cacao Joe,1,1,1,0,0,224,4.7,9,31.1,0
Inghetata vafa Choco Cicom,1,1,1,0,0,152,2.1,6.9,19.4,0
Inghetata vafa cu aroma de frisca Arlechino,1,1,1,0,0,184,3.5,8,24.5,0
Inghetata vafa de ciocolata Alpin,1,1,1,0,0,191.3,3.1,8,26.9,0
Inghetata vafa de vanilie cu capsuni Joe,1,1,1,0,0,184,4.2,5.4,30.6,0
Inghetata vafa Ice Dyp,1,1,1,0,0,170,5,7,20,0
Inghetata vafa Napoca,1,1,1,0,0,142,4,6,18,0
Inghetata vafa Premium cacao Top Gel,1,1,1,0,0,275.2,4.2,16.9,25.8,0
Inghetata vafa vanilie Amicii,1,1,1,0,0,165.8,2.4,7,23.3,0
Inghetata vafa vanilie Betty Ice,1,1,1,0,0,118,2.6,3,20.1,0
Inghetata vanilie 365,1,1,1,0,0,206,2.4,3,41.5,0
Inghetata vanilie Armony Betty Ice,1,1,1,0,0,150,2.5,6,21.5,0
Inghetata vanilie Belcanto Betty Ice,1,1,1,0,0,150,2.5,6,21.5,0
Inghetata vanilie Big Milk Algida,1,1,1,0,0,136,3.4,4.6,20.3,0
Inghetata vanilie cu caramel KFC,1,1,1,0,0,238.8,2.8,30.5,11.8,0
Inghetata vanilie cu glazura ciocolata alba White Magnum Algida,1,1,1,0,0,300,4,18,31,0
Inghetata vanilie cu glazura ciocolata Clasic  Magnum Algida,1,1,1,0,0,300,3.5,19,29,0
Inghetata vanilie cu glazura ciocolata si Migdale Almond Magnum Algida,1,1,1,0,0,330,5,21,30,0
Inghetata vanilie cu glazura de ciocolata Choco Sticks K-Classic,1,1,1,0,0,302,2.6,22.5,21.8,0.9
Inghetata vanilie cu glazura de ciocolata si arahide Amicii de Lux,1,1,1,0,0,318.1,3.4,23,24.4,0
Inghetata vanilie cu sirop de cacao si biscuiti Aloma,1,1,1,0,0,219,4.1,6.5,31.4,1.4
Inghetata vanilie cu toping ciocolata Verity Betty Ice,1,1,1,0,0,123,2.4,3,21.5,0
Inghetata vanilie cu toping de cacao Top Gel,1,1,1,0,0,166,2.4,5.8,26.1,0
Inghetata vanilie dietetica Betty Ice Lido,1,1,1,0,0,106,5.5,5.7,9.8,0
Inghetata vanilie la cornet Mini Cono Eistar,1,1,1,0,0,401,4.1,24.5,41,0
Inghetata vanilie Lido Betty Ice,1,1,1,0,0,150,2.5,6,21.5,0
Inghetata vanilie Minuto Betty Ice,1,1,1,0,0,123,2.4,3,21.3,0
Inghetata vanilie Napoca White Napolact,1,1,1,0,0,311,3.3,22,25,0
Inghetata vanilie Sahara Top Gel,1,1,1,0,0,173.8,2.3,8,23.2,0
Inghetata vanilie si capsuni Big Milk Algida ,1,1,1,0,0,140,2,4.5,22,0
Inghetata vanilie si capsuni Carte DOr,1,1,1,0,0,170,2.5,6,27,0.6
Inghetata vanilie si ciocolata Viennetta Algida ,1,1,1,0,0,260,3.5,16,24,0
Inghetata vanilie Toledo Betty Ice,1,1,1,0,0,150,2.5,6,21.5,0
Inghetata vanilie Topgun,1,1,1,0,0,278,3.8,13.3,35.8,0
Inghetata vanilie vafa Joe,1,1,1,0,0,215,4.3,9,29.2,0
Inghetata vanilie Viennetta Algida,1,1,1,0,0,250,3,16,25,0
Jeleuri acrisoare de fructe Ufo Plus,1,1,1,0,0,333,6.4,0.1,75,0
Jeleuri capsuni Silvana,1,1,1,0,0,330,3.5,0,78,0.6
Jeleuri cu aroma de mure si zmeura Silvana,1,1,1,0,0,350,2.5,0,85,0
Jeleuri cu gust de cola Mega Image Delhaize,1,1,1,0,0,332,5.4,0,77.5,0.2
Jeleuri de fructe Ufo Plus,1,1,1,0,0,330,5.4,0.2,76,0
Jeleuri fructe Haribo,1,1,1,0,0,340,7,0,79,0
Jeleuri Jelli Fruit,1,1,1,0,0,333,0.1,0.1,83,0
Jeleuri Jelly Mania,1,1,1,0,0,330,5,0.3,64.1,0
Jeleuri Juicy Fruits Sugar land,1,1,1,0,0,334,5.1,0.2,77,0.2
Jeleuri saure apfel Sugarland,1,1,1,0,0,336,4.8,0,77.6,0.2
Jeleuri sticlute cola Sugus,1,1,1,0,0,335,5.9,0,75.9,0
Kirsch Grutze cu crema de vanilie si visine Dr. Oetker,1,1,1,0,0,113,1.6,1.7,22.6,1.3
Macaroane cu nuca,1,1,1,0,0,221.5,5.1,8.3,32.7,0.6
Macaron cu zmeura Paul,1,1,1,0,0,208,1.4,0.1,49.7,0
Madeleines cu ciocolata Primo,1,1,1,0,0,457,6.7,24.6,52.3,0
Magiun de prune Raureni,1,1,1,0,0,288,2.5,1,56.4,0.9
Magiun de prune Topoloveni,1,1,1,0,0,214,1.4,0.1,54.6,28
Marmelada de capsuni light Alipende,1,1,1,0,0,170,0.5,0,42,1.1
Marmelada de coacaze Alipende,1,1,1,0,0,196,0.5,0,48,1.2
Martipan cu migdale 365 Mega Image,1,1,1,0,0,440,10,21,51,2
Martipan Katy ,1,1,1,0,0,432,4.2,17.1,68.2,0
Martipan Zentis,1,1,1,0,0,438,4.8,16,67,2.6
Melc scortisoara cu nuci pecan si caramel Pecanbo Cinnabon,1,1,1,0,0,494,2.7,25.3,63.8,21
Mentosane Winterfresh Mints sugarfree Orbit,1,1,1,0,0,245,0,1,98.2,0
Merisoare in ciocolata neagra Le soeurs en vrac,1,1,1,0,0,433,3.3,20,70,6.6
Mini chec fara zahar Pobeda,1,1,1,0,0,436,6,28.1,20.4,0
Mini ciocolata dark 52% cacao Lindt,1,1,1,0,0,545,4.8,36,49,0
Mini croissant cacao Bauli,1,1,1,0,0,409,5.6,18.1,56,0
Miniprajitura cu crema cu lapte Tortina,1,1,1,0,0,336,4.8,11.2,64,0
Miniprajitura cu crema de cacao ChokoBoy Gusparo,1,1,1,0,0,278,4.8,12.4,36.8,0
Mints fara zahar cu fructe de padure si menta Orbit Professional ,1,1,1,0,0,243,0,1,95,0
Mix pentru tort diplomat Dr. Oetker,1,1,1,0,0,169.9,4.6,5.6,25,0.4
Mos din ciocolata umplut cu bonibon Friedel,1,1,1,0,0,498,5.7,25.9,60.4,0
Mousse de mere Bauck Hof,1,1,1,0,0,42,0.3,0,9.9,0
Mousse neindulcit de mere si mango Bauck Hof,1,1,1,0,0,60,0.3,0.2,14.2,0
Musli bar orange and choco FirstNice,1,1,1,0,0,402,3.5,9.2,75.8,0
Napolitana Big white Joe,1,1,1,0,0,558,7.2,34.5,54.4,0.5
Napolitana ciocolata cu lapte XXL Joe,1,1,1,0,0,480,6,22,64,2
Napolitana cu alune Lachita,1,1,1,0,0,528.9,7.1,33.6,49,0
Napolitana cu caramel Tofinek,1,1,1,0,0,450,4,17,70,0
Napolitana cu ciocolata si crema de vanilie Balance,1,1,1,0,0,336,4.5,32.7,59.4,0
Napolitana cu crema de alune Sly,1,1,1,0,0,458.6,5.9,26,49.6,1.3
Napolitana cu crema de vanilie Sly Diet,1,1,1,0,0,507.2,3.3,26,65,0
Napolitana cu fructoza Ela,1,1,1,0,0,572,12,39,44,0
Napolitana cu lamaie fara zahar Sly Diet,1,1,1,0,0,410,2.9,24.8,53.5,6.1
Napolitana cu lapte Milch Haselnuss Schnitte,1,1,1,0,0,538,7.1,3.7,51.1,0.1
Napolitana cu lapte si cacao Happy Hippo Kinder,1,1,1,0,0,567,9.4,36.1,51.2,0
Napolitana glazurata cu ciocolata lapte Crispy Milk Heidi,1,1,1,0,0,448,6.4,29.1,40.2,0
Napolitana Happy Keles,1,1,1,0,0,467,3.7,21.5,64.8,0
Napolitana in ciocolata Dido Ulker,1,1,1,0,0,541,7.9,28.8,62.7,2.1
Napolitana Joe XXL,1,1,1,0,0,509,6.3,27.8,56.8,2.6
Napolitana Knoppers,1,1,1,0,0,548,9.8,33.4,50.4,0
Napolitane alune Favorini Lidl,1,1,1,0,0,528,5.9,32.1,52.3,0
Napolitane caramel Weight Watchers,1,1,1,0,0,427,5.7,20.2,64.7,1.9
Napolitane cereale integrale Joe,1,1,1,0,0,480,7.3,23.9,57.2,3.4
Napolitane ciocolata Lidl,1,1,1,0,0,545,7.1,49.8,34.5,0
Napolitane crocante cu crema de cacao Joe,1,1,1,0,0,459,5.4,18.2,67,2
Napolitane crocante cu crema de cacao Naty,1,1,1,0,0,524,6,28,62,0
Napolitane cu cacao si alune Bifa,1,1,1,0,0,504,4.1,24.1,67.7,0
Napolitane cu cacao si cirese myMotto Cocoa Cherry,1,1,1,0,0,529.6,6.3,31.5,54,0
Napolitane cu cacao Wewel,1,1,1,0,0,456,11,29,52,0
Napolitane cu crema cacao Joe Economic,1,1,1,0,0,465,4.5,18.3,70,1
Napolitane cu crema de alune Yup Finetti,1,1,1,0,0,489.4,28.8,28.1,28.1,0
Napolitane cu crema de cacao acoperite cu ciocolata cu lapte Joe,1,1,1,0,0,499,5.8,22.7,67.3,2.1
Napolitane cu crema de cacao Dolce Momento,1,1,1,0,0,507,5.4,23.1,68.8,0
Napolitane cu crema de cacao glazurate 365,1,1,1,0,0,486,4,27.5,54.5,0
Napolitane cu crema de cacao Naty,1,1,1,0,0,524,6,28,62,0
Napolitane cu crema de cafea si frisca Alfers,1,1,1,0,0,507,5.7,24.6,65.7,0
Napolitane cu crema de ciocolata Joe,1,1,1,0,0,460,4,18,70,2
Napolitane cu crema de lamaie Alka,1,1,1,0,0,530,16.9,29.1,50,2.6
Napolitane cu crema de lamaie de post Natura Land,1,1,1,0,0,393,5,25,34,0
Napolitane cu crema de lamaie fara zahar Bon Life,1,1,1,0,0,393,5,25,34,0
Napolitane cu crema de lamaie Leader Price,1,1,1,0,0,443,3.2,19.6,72,0
Napolitane cu crema de lapte acoperite cu ciocolata Nesquik Nestle,1,1,1,0,0,481,4.6,23.3,63.6,0
Napolitane cu crema de lapte Joe,1,1,1,0,0,482,3.6,20.5,71.3,0.6
Napolitane cu crema de lapte si cafea Bucuria,1,1,1,0,0,500,6.9,24.7,62.8,0
Napolitane cu crema de rom si cacao Alfers,1,1,1,0,0,470,1.8,25.2,59,1.7
Napolitane cu gust de ciocolata Sly Diet,1,1,1,0,0,490,4,23,67.5,0
Napolitane cu lapte  alune si ciocolata Knoppers,1,1,1,0,0,528,8,32,52,0
Napolitane de orez cu miere DM,1,1,1,0,0,386,6.1,2.5,83.2,3.1
Napolitane dietetice cacao si vanilie Schneekoppe,1,1,1,0,0,495,5.4,30,60,0.7
Napolitane dietetice Wawel,1,1,1,0,0,170,4,11,18,0
Napolitane fara gluten Schar,1,1,1,0,0,528,5,25.7,67.5,0
Napolitane invelite in ciocolata Dolce Vita,1,1,1,0,0,402,8.2,10.5,66.2,0
Napolitane invelite in ciocolata Joe,1,1,1,0,0,490,5.5,24,64,2
Napolitane Joe cu crema de vanilie,1,1,1,0,0,480,4,20,72,2
Napolitane Naty Rolls Star Foods,1,1,1,0,0,121,5,20,10,2.5
Napolitane vanilie Katy Exquisite Kaufland,1,1,1,0,0,526,5.5,28,63,0
Napolitane vieneze cu crema wafer rolls Naty,1,1,1,0,0,473,6,17,74,0
Napolitanta cu aroma de lamaie Joe,1,1,1,0,0,471,3.6,18.9,71,1.2
Nuci umplute cu crema cacao Natural Vit,1,1,1,0,0,403.9,4.2,16.8,56.2,0
Nuga cu arahide si cacao Enola,1,1,1,0,0,439,6.3,9.6,81.8,0
Nuga cu stafie Sultan,1,1,1,0,0,360,1.8,0.2,85.8,1
Orez cu lapte si ciocolata Danette,1,1,1,0,0,126,3,2.5,22.7,0.3
Ou de ciocolata Kinder Surprise,1,1,1,0,0,564,9,35.3,52.5,0
Pachet cadou cu figurine de ciocolata si cana Milka,1,1,1,0,0,530,6.6,29.5,58.5,1.8
Pandispan,1,1,1,0,0,340,8.2,4.3,67.1,0
Papanasi de casa cu dulceata,1,1,1,0,0,235,10,17.2,10,0
Pasca cu branza si stafide Boromir,1,1,1,0,0,380,7.3,15,55,0
Pasca fara aluat cu branza si stafide Dark,1,1,1,0,0,267.2,14.5,14.3,19.5,0.2
Pernute cu crema cacao Viva,1,1,1,0,0,429,7,17,62,4
Pernute cu crema de cacao si ciocolata Olla Crunch,1,1,1,0,0,484,5,42,69,4
Pernute cu crema de capsuni Viva,1,1,1,0,0,469,7,19,66,3
Pernute cu crema de vanilie Viva,1,1,1,0,0,469,7,19,66,3
Piscoturi  Elledi,1,1,1,0,0,380,9.1,4,76.1,2
Piscoturi Aro,1,1,1,0,0,363,8,3,76,0
Piscoturi Biscuits LaCestera,1,1,1,0,0,399,10.1,4.2,78.6,1.3
Piscoturi copii Lidl,1,1,1,0,0,390,10.5,4.7,75.2,1.7
Piscoturi cu pudra de roscove Werz,1,1,1,0,0,505,4.3,27,61,0
Piscoturi vanilie Galmopan,1,1,1,0,0,503,7.1,23,66.8,0
Piure de castane Raureni,1,1,1,0,0,176,2.9,0.2,41.5,1.5
Piure de mere Markant,1,1,1,0,0,278,1,0,66,3
Placinta cu branza dulce si stafide Dobrogea,1,1,1,0,0,214,7.8,7.6,27,0
Placinta cu dovleac Bella,1,1,1,0,0,363,3,24,32,0
Placinta cu mere,1,1,1,0,0,186,3.5,6,30,3
Placinta mere Ikea,1,1,1,0,0,220,2.6,8,18,0
Placinta rulata cu branza 365,1,1,1,0,0,312,6.2,20.2,26.3,2
Placinta rulata cu mere 365 Mega Image,1,1,1,0,0,305,2.3,17,48,2.4
Praf budinca vanilie Darling,1,1,1,0,0,373,1.6,0,89.3,0
Praf de budinca,1,1,1,0,0,416,2.5,12,79,3
Praf de frisca light Dr.Oetker,1,1,1,0,0,122,2,9,10,0
Praf de inghetata Sly Diet,1,1,1,0,0,419.6,3.8,18.4,53.8,13.9
Prajitua cu ciocolata Alpella,1,1,1,0,0,371,2.6,18,49.7,0
Prajitura Bar Cocoa 7 Days,1,1,1,0,0,442,4,22,56,0
Prajitura casei cu ciocolata Alka,1,1,1,0,0,429.1,5.3,45.1,24.3,0
Prajitura casei cu crema moccacino Alka,1,1,1,0,0,365,6.9,11.6,58.3,1
Prajitura casei cu mere confiate Alka,1,1,1,0,0,417,4.2,22.8,47.4,0
Prajitura casei cu vanilie si fulgi de ciocolata Alka,1,1,1,0,0,427,4.4,23.1,49,1
Prajitura casei cu vanilie si gem de caise Alka,1,1,1,0,0,401.8,4.2,19,52.1,0
Prajitura cu alune Magura Kandia Dulce,1,1,1,0,0,440,4.5,21.1,52.1,0.8
Prajitura cu branza si ciocolata Exquisa Snack Schoko,1,1,1,0,0,300,8.1,12,40,0
Prajitura cu caise Dolcetto,1,1,1,0,0,325,4.4,9.6,53.8,0
Prajitura cu ciocolata Chocotorta Balconi SpA,1,1,1,0,0,402,4.8,19.9,49.9,1.9
Prajitura cu cocos Kinder Delice,1,1,1,0,0,461,6.3,30.6,40,0
Prajitura cu crema de cacao Poiana,1,1,1,0,0,420,4.9,22.5,50.5,0
Prajitura cu crema de ciocolata Barni,1,1,1,0,0,390,5.9,15.5,58.5,5.1
Prajitura cu foi de miere Albinita,1,1,1,0,0,306.8,4.9,8.7,53.1,1.2
Prajitura cu gem de visine si cacao 365,1,1,1,0,0,437,3.3,24.1,48.6,0
Prajitura cu gem de zmeura Magura Kandia Dulce,1,1,1,0,0,420,4.3,21.3,51.6,1.1
Prajitura cu lapte Magura Kandia Dulce,1,1,1,0,0,500,3.8,24,63,0
Prajitura cu rom Magura Kandia Dulce,1,1,1,0,0,450,4.9,22.6,53,0.9
Prajitura cu visine facuta in casa,1,1,1,0,0,196,4.4,4.3,17.9,1
Prajitura de orez cu iaurt Stilla Fitness,1,1,1,0,0,457,6.3,15.7,69.9,1.7
Prajitura Fiesta Orange Ferrero,1,1,1,0,0,423,4.1,19.6,52.7,0
Prajitura glazurata cacao Magura Kandia Dulce,1,1,1,0,0,500,3.8,24.1,62.6,0
Prajitura glazurata cappuccino Magura Kandia Dulce,1,1,1,0,0,500,3.4,23.9,63.3,0
Prajitura keto din foi cu nuci,1,1,1,0,0,396.3,11.5,36.8,5,2.1
Prajitura Kinder Delice,1,1,1,0,0,463,5.6,29,43.5,2.8
Prajitura Kinder Maxi King,1,1,1,0,0,506,7,36.7,36.8,1.6
Prajitura Kinder pane cioc,1,1,1,0,0,442,8.6,24.5,44.9,3.8
Prajitura Krantz marmorata cu branza vaci Lidl,1,1,1,0,0,359,6.7,15.7,47.7,0
Prajitura Macarons cu cocos,1,1,1,0,0,404,4,13,72,2
Prajitura Musuroi de cartita Dr. Oetker,1,1,1,0,0,191,4,7,28,0
Prajitura negresa brownies Delhaize,1,1,1,0,0,474,5,30,48,1
Prajitura Pufoasa Dukan,1,1,1,0,0,132.9,7,7.9,9,0
Prajitura Siret Galmopan,1,1,1,0,0,505,3.5,18.3,74.3,0
Prajitura spuma de capsuni Poiana,1,1,1,0,0,425,4.4,22.5,51.5,0
Prajitura Tiramisu Dr. Oetker,1,1,1,0,0,188,4.8,8.1,23.9,0
Prajituri orez Fazzi,1,1,1,0,0,508,8.3,62.9,24.8,3
Prajiturica Zgloby,1,1,1,0,0,362.4,6,10.8,58,5
Praline asortate din ciocolata Heidi,1,1,1,0,0,513,6.7,32.6,48.1,0
Praline asortate Elegance Katy,1,1,1,0,0,464,5.2,20,64,2.4
Praline asortate Novatini,1,1,1,0,0,418.5,7,24.2,63.1,0
Praline belgiene Fruits de mer,1,1,1,0,0,577,7,41,44,1
Praline capsuni I love Milka,1,1,1,0,0,570,6.3,38,50.5,0
Praline cu martipan si cirese martipan & cherry Marcherro,1,1,1,0,0,435,4.8,15.5,70.5,1.4
Praline cu nougat si migdale Favorina,1,1,1,0,0,550,9.4,34.8,47.1,0
Praline din ciocolata cu lapte si alune de padure intregi caramelizate Heidi,1,1,1,0,0,562,6.2,38.3,47.6,0
Praline Many Thanks,1,1,1,0,0,560,2.8,36.4,56,2.8
Praline Pocket Coffee Ferrero,1,1,1,0,0,417,3.7,19,57.9,0
Praline Primola Primoline Cappuccino,1,1,1,0,0,544.1,10.9,32.4,50.2,0
Praline Rocher,1,1,1,0,0,563,8.1,35,54,5.2
Pricomigdala,1,1,1,0,0,481,5.4,22.6,66.8,2.5
Profiterol Pasticceria del Centro,1,1,1,0,0,295,4,18,26,1.8
Pufarine cacao Linia Velt,1,1,1,0,0,340,8.7,2,75.4,0
Pufarine Pufi Dufi,1,1,1,0,0,366,12.5,1.5,73.5,0
Pufuleti cu glazura de ciocolata Gusto,1,1,1,0,0,547,3.9,32.2,60.5,1.6
Rahat,1,1,1,0,0,365,6,9,65,0
Rahat cu aroma de fructe Sultan,1,1,1,0,0,280,0.1,0,72,0
Rahat cu cocos Sultan,1,1,1,0,0,391.5,3.6,9.2,80.5,0
Rote Grutze (fructe zdrobite) si crema de vanilie Dr. Oetker,1,1,1,0,0,105,1.2,0,22,3.7
Rulada cu capsuni Vincinni,1,1,1,0,0,395.5,7,15,62,1.5
Rulada cu mac Baigli Izopop,1,1,1,0,0,351,8.5,10.2,54,0
Rulada feliata Siluette Arcada,1,1,1,0,0,143,3.7,0.7,29.7,0
Rulouri de napolitana ameo Crispy Rolls Milky Way,1,1,1,0,0,516,7,27,61.2,0
Salam de biscuiti cu cacao Unikat,1,1,1,0,0,256,5.2,14,12,0
Salam de biscuiti cu stafide Dolce Diaco,1,1,1,0,0,406,4.8,11.6,68.2,0
Sandwich cu inghetata de vanilie si ciocolata Romy Antarctica,1,1,1,0,0,172.5,4,7,23.6,0
Sarlota vanilie Billa,1,1,1,0,0,330,2.7,17,39.4,0
Savarina Billa,1,1,1,0,0,278,3.5,8.7,44.6,0
Serbet zmeura,1,1,1,0,0,115,0,0,29.7,0.1
Sirop caramel Monin,1,1,1,0,0,100,0,0,24,0
Sirop de artar,1,1,1,0,0,261,0,0.2,67.1,0
Smoothies sorbet cu piersici si maracuja Rios,1,1,1,0,0,112,0.7,0.1,25.3,3.4
Snack crema capsuni si glazura ciocolata Viva,1,1,1,0,0,527,6,27,63,4
Soft Biscuit Orange,1,1,1,0,0,387,3.6,11.9,66.5,2.2
Sos de vanilie Bourbon Dr. Oetker,1,1,1,0,0,115,3,3.7,17.4,0
Stafide in ciocolata amaruie First Nice,1,1,1,0,0,443,3.5,19.7,60.6,0
Sticks cu crema de cacao Biskrem,1,1,1,0,0,473,5.8,20.8,65.8,0
Strudel de mere Conditorei Coppenrath & Wiese,1,1,1,0,0,249,3,14,25.8,0
Strudel de vara Fricopan ,1,1,1,0,0,222,3.2,10,29.8,0
Strudel Deluxe,1,1,1,0,0,339,15,4.6,45,0
Sufleu ciocolata KFC,1,1,1,0,0,538.8,6.8,29.8,61,0
Susan crocant Croque en bouche,1,1,1,0,0,500,3.5,28.5,53.5,7.1
Tarta cu ciocolata KFC,1,1,1,0,0,471.3,5.5,23.6,59.3,0
Tarta cu fructe,1,1,1,0,0,276,3.2,9,47.2,0
Tarta cu marmelada,1,1,1,0,0,347,4.5,7.5,64,2.1
Tarta zmeura Paul,1,1,1,0,0,219.2,3.3,8,32.7,2.9
Tiramisu la cutie Bonta Divina,1,1,1,0,0,259,4.7,10.7,33.1,2.2
Tiramisu la cutie Delhaize,1,1,1,0,0,285,4.2,13.3,37.2,0
Tiramisu piscoturilor Boromir,1,1,1,0,0,258,4.7,13.7,32.3,0
Tort cocos  fructe de padure Aldi R,1,1,1,0,0,507,5.7,50.8,4.7,2.4
Tort cu visine si blat de psyllium,1,1,1,0,0,288,4.4,19.1,28.3,8.3
Tort de ciocolata,1,1,1,0,0,235,2.6,10.5,34.9,1.8
Tort de ciocolata Dr.Oetker,1,1,1,0,0,278,5.3,11.3,39.3,1.7
Tort de ciocolata keto,1,1,1,0,0,392.4,7.4,35.2,11.2,2.6
Tort de inghetata Amalia Penny,1,1,1,0,0,212,2,8.7,29.1,0
Tort de inghetata Honore Sammota,1,1,1,0,0,230,4,9,31.3,0
Tort de inghetata Obsession cu aroma tiramisu Amicii,1,1,1,0,0,221.3,2.9,10.8,28,0
Tort Diplomat Billa,1,1,1,0,0,330,2.7,17,39.4,0
Tort diplomat de casa cu piersici si ananas,1,1,1,0,0,161,3,5.3,25.9,0.6
Tort inghetata cacao si vanilie Alpin Lux,1,1,1,0,0,178.1,2.8,10.5,18.1,0
Tort inghetata cu ciocolata trufe si aroma vanilie  cu topping de ciocolata Amalia,1,1,1,0,0,212,2,8.7,29.1,0
Tort inghetata tiramisu Amicii,1,1,1,0,0,199.8,2.1,8.6,28.6,0
Tort morcov si crema branza Starbucks,1,1,1,0,0,449,3.8,28.3,43.5,2.5
Tort Mozart Coppenrath-Wiese,1,1,1,0,0,338,6.7,17.2,39.2,0
Tort visine Deluxe Lidl,1,1,1,0,0,294,16,4,32,9
Turta dulce,1,1,1,0,0,366,5.9,4.7,75,0
Turta dulce Biscoteria,1,1,1,0,0,342,5,6.8,65.2,0
Turta dulce condimentata Kinkartz,1,1,1,0,0,357,5.4,1,81.3,0
Turta dulce cu gem Boromir,1,1,1,0,0,458,16.9,5.1,64.1,0
Turta dulce cu glazura de ciocolata Lebkucken Plus,1,1,1,0,0,378,5.3,6.9,73.5,0
Turta dulce cu umplutura de fructe in glazura de ciocolata amaruie Katy,1,1,1,0,0,348,6.7,4.5,68.6,2.7
Turta dulce Euro Cake,1,1,1,0,0,421.8,3.4,23.4,48.6,0.4
Turta dulce glazurata Lambertz,1,1,1,0,0,362,6.1,7.6,67.4,0
Turta dulce glazurata Tip,1,1,1,0,0,392,8.1,8.5,65.7,0
Turta dulce Katy,1,1,1,0,0,381,8.1,7.3,69.4,2.6
Turta dulce Opey Lidl,1,1,1,0,0,363,6.7,2.7,78,2.5
Turta dulce Panibu,1,1,1,0,0,403,7.2,5.9,80.2,0
Turta dulce Preferate Franzeluta,1,1,1,0,0,362.7,5.9,5.1,72.4,0
Wafa Original Waffel Biscoteria,1,1,1,0,0,479,9.1,27.8,48.2,0
Wafe belgiene,1,1,1,0,0,438,5,22,55,0
Wafe belgiene invelite in ciocolata 365,1,1,1,0,0,486,6.5,25.5,57.7,0
Batoane cu pasta de fructe cu zmeura Aptonia,1,1,1,0,0,330,2,0.5,80,3
Baton cu arahide Nutbar Elmas,1,1,1,0,0,483,14.9,31.2,43.6,5
Baton nutbar cu arahide si susan Elmas,1,1,1,0,0,473,13.2,31.4,48,7.5
Budinca cu ciocolata Dr.Oetker Original Pudding,1,1,1,0,0,158,4.7,4.5,24.8,0
Budinca de  vanilie Original Pudding Dr.Oetker,1,1,1,0,0,102,2.8,2.8,16.5,0
