Aripioare picante KFC,0,1,1,0,0,320,20.3,21.8,10.7
Bagheta alba sandwich cu salam vienez Pincess,0,1,1,0,0,302.4,11.7,16.7,26.5
Big Mac McDonalds,0,1,1,0,0,252,10.4,12.7,18.8
Bruschette Pizza Hut,0,1,1,0,0,300,8,12,40
Bucatele de pui cu sos Frosta,0,1,1,0,0,220,10.8,18.5,11.5
Burger de peste Tiko,0,1,1,0,0,187,6.7,10.3,17
Caffe Latte McDonalds,0,1,1,0,0,23.5,1.5,1,2
Cartofi gratinati congelati Delhaize,0,1,1,0,0,116,3.9,5.8,12.1
Cartofi prajiti,0,1,1,0,0,319,4,17,38
Cartofi prajiti KFC,0,1,1,0,0,311,3.6,15.6,39.2
Cartofi prajiti McDonalds,0,1,1,0,0,323,4.2,15.5,40.8
Cartofi taranesti KFC,0,1,1,0,0,197,2.9,8.6,27
Cartofi wedges K-Classic Kaufland,0,1,1,0,0,147,2.5,5,22
Cartofi wedges McDonalds,0,1,1,0,0,355,6,18,43
Cheeseburger McDonalds,0,1,1,0,0,263,13,10.5,29
Chicken McNuggets McDonalds,0,1,1,0,0,297,15.6,18.8,17
Chiftele preparate Selgros,0,1,1,0,0,259.3,16.2,16.7,9.3
Chili con carne Delhaize,0,1,1,0,0,110,7.3,2.1,15.6
Coasta pui reteta originala KFC,0,1,1,0,0,230.2,25.3,11.8,5.9
Conserva chili con carne Rancho,0,1,1,0,0,161,10,6.9,14.8
Copan pui reteta originala KFC,0,1,1,0,0,237.5,17.2,13.1,12.5
Cordon bleu Baroni Lidl,0,1,1,0,0,238,9.2,14,18.8
Crispy Strips KFC,0,1,1,0,0,328,14.2,16.4,9.6
Crochete vegetale (falafel) Al Wadi,0,1,1,0,0,411,14,22,40
Croissant simplu Euro Shopper,0,1,1,0,0,385,6,24,37
Cubulete din piept de pui Sav'or,0,1,1,0,0,92,20,2,3
Double cheeseburger McDonalds,0,1,1,0,0,266,15.2,14,20.6
Dublu McPuisor McDonalds,0,1,1,0,0,285,12.7,12.1,24.2
Enchiladas de pui cu sos de rosii si casval Maheso,0,1,1,0,0,157,9.7,6.8,14.2
Fasole barbecue KFC,0,1,1,0,0,79.2,5,0.7,19
Filet-o-fish McDonalds,0,1,1,0,0,267.6,10.5,12.7,26.8
Foietaj baton cu branza dulce Fornetti XXL,0,1,1,0,0,340.2,7.4,16.5,40.5
Foietaj branza si cascaval Fornetti,0,1,1,0,0,357,9.5,17.2,38.5
Foietaj cocos si crema de ciocolata Fornetti,0,1,1,0,0,266,7.9,9.1,36.3
Foietaj cu branza dulce Fornetti,0,1,1,0,0,287,8.2,11.8,34.9
Foietaj cu cascaval Fornetti,0,1,1,0,0,357,9.5,17.2,38.5
Foietaj cu ciocolata Fornetti,0,1,1,0,0,248,7.9,6.3,38.2
Foietaj cu crema de vanilie Fornetti,0,1,1,0,0,456.9,5.8,28.8,45.9
Foietaj cu fructe de padure Fornetti,0,1,1,0,0,392,8.1,18.3,46.2
Foietaj cu gem de caise Fornetti,0,1,1,0,0,258,7.8,8.1,36.8
FOietaj cu gem de visine Fornetti,0,1,1,0,0,258,7.9,8,37.1
Foietaj cu mac Fornetti,0,1,1,0,0,258,7.7,6.2,41.1
Foietaj cu mere Fornetti,0,1,1,0,0,242,7.5,6,38
Foietaj cu nuca Fornetti,0,1,1,0,0,264,8.1,6.8,40.8
Foietaj cu pui si ciuperci Fornetti XXL,0,1,1,0,0,324,11.3,13.2,37.8
Foietaj cu sunca si ciuperci Fornetti Pontino,0,1,1,0,0,296,12.8,10.7,35.2
Foietaj cu telemea Fornetti,0,1,1,0,0,242,8.3,5.7,37.8
Foietaj fagure visine si budinca Fornetti XXL,0,1,1,0,0,324.8,5.9,14.5,42.6
Foietaj fagure visine si budinca Fornetti XXL,0,1,1,0,0,324.8,5.9,14.5,42.6
Foietaj melc cu caramel Fornetti,0,1,1,0,0,395,8.4,18.1,46.9
Foietaj melc cu cascaval Fornetti XXL,0,1,1,0,0,388.1,9.3,22.4,37.4
Foietaj melc cu nuca Fornetti,0,1,1,0,0,389,11.1,27,35.4
Foietaj pateu cu ciuperci Fornetti,0,1,1,0,0,337.4,8.5,22,28.9
Foietaj pernita cu gust de ciocolata Fornetti XXL,0,1,1,0,0,377.4,7.4,18.1,45.3
Foietaj strudel cu mere Fornetti XXL,0,1,1,0,0,352,7.9,19.5,33.9
Foietaj trigon cu caise Fornetti XXL,0,1,1,0,0,316,8.3,10.6,44.9
Foietaj twist cu afine Fornetti XXL,0,1,1,0,0,323,8.3,11.6,44.2
Foietaj Twist cu crema de branza si bacon Fornetti XXL,0,1,1,0,0,373,12.4,18.5,36.8
Friptura de pui Sav'or,0,1,1,0,0,113,20,2,5
Fructe si nuci Nut Snack Farmer's Snack,0,1,1,0,0,490,14.9,34.2,30.6
Hamburger McDonalds,0,1,1,0,0,255,13,9,30
Inele de ceapa pane Burger King,0,1,1,0,0,336.4,4.8,16.9,41.1
Inghetata cu caramel McDonalds,0,1,1,0,0,295,5,7,53
Lasagna Bolognese Mega Image,0,1,1,0,0,135,8,6,11.6
Lasagna vegetala  Alberto,0,1,1,0,0,164,4,10,15
Lasagne Bolognese Trattoria Alfredo Lidl,0,1,1,0,0,172,9,9,13
McChicken McDonalds,0,1,1,0,0,252,0.1,11,28
McPuisor McDonalds,0,1,1,0,0,185.3,7,7,23.7
Mini fileuri KFC,0,1,1,0,0,298.3,19,17.7,15.5
Mini pizza bacon Fornetti Pontino,0,1,1,0,0,298,13.1,11.2,34.1
Mini pizza picant Pontino Fornetti,0,1,1,0,0,280,12.6,9.2,34.8
Mini pizza sunca si ciuperci Fornetti Pontino,0,1,1,0,0,296,12.8,10.7,35.2
Nuggets de pui Antonio y Ricardo,0,1,1,0,0,219,11.8,10.3,19.8
Nuggets de pui Edenia,0,1,1,0,0,240,20.3,9.5,18.3
Nuggets pui Frosta,0,1,1,0,0,220,10.8,11.5,18.5
Nuggets pui traditional Sadia,0,1,1,0,0,251,12.8,16.4,13
Nuggets Vitasia,0,1,1,0,0,179,8,8,18.6
Orez cu legume KFC,0,1,1,0,0,150,4,1,32
Paste Alla Bolognese Pizza Hut,0,1,1,0,0,77,2.2,1.3,14.1
Pernita cu cascaval Fornetti XXL,0,1,1,0,0,356.3,7.4,19.4,38.1
Pernita cu ficatei Fornetti XXL,0,1,1,0,0,357.2,9.3,20.6,33.7
Piept curcan umplut cu cascaval congelat Saga,0,1,1,0,0,259,10,22,13
Piept pui reteta originala KFC,0,1,1,0,0,237.7,22.6,12.4,9
Piure de cartofi KFC,0,1,1,0,0,110,2,4,17
Pizza capriciosa Ristorante Dr. Oetker,0,1,1,0,0,225,8,8.5,29.3
Pizza congelata bagheta Bistro Dr. Oetker,0,1,1,0,0,231,6.1,10.5,27.9
Pizza congelata bagheta Diavolo Bistro Dr. Oetker,0,1,1,0,0,234,7.1,10.4,28
Pizza congelata prosciutto Bon Giorno Dr. Oetker,0,1,1,0,0,234,10.1,10.9,23.8
Pizza cu 4 tipuri branza Real,0,1,1,0,0,225,10.1,10,21.1
Pizza cu salam congelata Popolare Vici,0,1,1,0,0,276,11,9.6,36.5
Pizza cu salam Real,0,1,1,0,0,219,8.4,9.7,23.1
Pizza cu ton Dr.Oetker,0,1,1,0,0,218,9.2,7.7,27.9
Pizza Guseppe mexicana Dr. Oetcker,0,1,1,0,0,223,8.9,5.9,32.3
Pizza Peperoni Pizza Hut,0,1,1,0,0,257,12.1,11.4,25
Pizza picanta Tesco,0,1,1,0,0,250,11.6,9.6,28.3
Pizza prosciutto Dr. Oetker,0,1,1,0,0,222,9.8,8.6,26.2
Pizza prosciutto Dr.Oetcker,0,1,1,0,0,220,9.7,8.2,27
Pizza quatro formaggi Real,0,1,1,0,0,225,10.1,10,21.1
Pizza Rossa sunca si ciuperci,0,1,1,0,0,194,7,6,28
Pizza salami Dr.Oetker,0,1,1,0,0,253,9.6,11.4,28
Pizza speciala Dr. Oetcker,0,1,1,0,0,254,9.6,10.1,31.2
Pizza speciale Ristorante Dr. Oetker,0,1,1,0,0,254,9.5,10.1,31.2
Pizza Speciale-K classic Kaufland,0,1,1,0,0,245,10,9.5,30.2
Pizza Super Supreme Pizza Hut,0,1,1,0,0,238,11,12,21
Pizza Supreme Pizza Hut,0,1,1,0,0,245,10,12,22
Pizza Vegetariana Pizza Hut,0,1,1,0,0,178,7.9,6.9,22.8
Placinta afine cu crema de vanilie McDonalds,0,1,1,0,0,275,3,16,30
Placinta cu carne Bella,0,1,1,0,0,430,4,36,20
Placinta cu mere KFC,0,1,1,0,0,350,2.6,19.3,40
Placinta cu mure KFC,0,1,1,0,0,346,3.8,19.2,41
Placinta cu visine McDonalds,0,1,1,0,0,280,2.4,14.6,35
Pogacele cu cascaval Fornetti,0,1,1,0,0,284,8.2,11.3,35.6
Porumb fiert KFC,0,1,1,0,0,109.1,3.5,0.4,22.8
Pui la rotisor,0,1,1,0,0,183,24.7,9.3,0
Pulpa pui reteta originala KFC,0,1,1,0,0,269.1,14.9,18.3,11.1
Rulouri cu spanac si feta Alfa,0,1,1,0,0,285,5.7,15.9,29.8
Salata a la Rousse 365,0,1,1,0,0,141,1.7,10.6,9.6
Salata Caesar fillet KFC,0,1,1,0,0,103.3,11.1,4.5,4.6
Salata Coleslaw KFC,0,1,1,0,0,210,0.5,13.2,22.3
Salata cu ton Ready 2 Eat Olympia,0,1,1,0,0,216,4.1,18,9.5
Salata de ardei capia cu usturoi 365,0,1,1,0,0,69,1.1,4.5,6
Salata de cruditati fitness McDonalds,0,1,1,0,0,68,6.5,2.6,2
Salata fillet pui KFC,0,1,1,0,0,70,6,3.7,4.9
Salata Fresh KFC,0,1,1,0,0,30.6,1.2,0.2,6
Salata greceasca Snack Attack,0,1,1,0,0,173,12.2,12.1,2.8
Salata Greek KFC,0,1,1,0,0,70,3.7,4.5,3.9
Salata maxi de pui McDonalds,0,1,1,0,0,365,24,19,24
Salata maxi pui grill (fara dressing) McDonalds,0,1,1,0,0,105,12.5,4,3
Salata Midi Bon Ton Mcdonalds,0,1,1,0,0,36,4.8,0.8,2.4
Salata Midi Greek McDonalds,0,1,1,0,0,125,6,9,5
Salata varza si pui Snack Attack,0,1,1,0,0,102.1,8.7,5.1,4.6
Sandwich Big Tasty McDonalds,0,1,1,0,0,230,12,12,15.5
Sandwich Bonfillet  KFC,0,1,1,0,0,250,12.7,10.1,27.3
Sandwich Brisket Green Up Papa Verde,0,1,1,0,0,290,8,12,28.1
Sandwich Burger King XXL,0,1,1,0,0,1038,58.4,66.9,48.2
Sandwich Chicken Grill McDonalds,0,1,1,0,0,230,16,7.3,24
Sandwich crispy bacon si ardei gras Snack Attack,0,1,1,0,0,277,13.8,12.5,27.3
Sandwich Crispy KFC,0,1,1,0,0,230.4,12.2,6.1,31.7
Sandwich cu branza feta si cascaval Green Up Papa Verde Branzarella,0,1,1,0,0,212.1,8.9,20.1,7.5
Sandwich cu pastrama de vita si cascaval 365,0,1,1,0,0,239.9,6.8,14,21.5
Sandwich cu piept de pui condimentat Meltz KFC,0,1,1,0,0,288.9,19.7,14.7,19.4
Sandwich cu piept de pui picant Meltz KFC,0,1,1,0,0,288.9,19.7,14.7,19.4
Sandwich cu pui Shanghai King,0,1,1,0,0,148,12.2,2,22.2
Sandwich cu salam de Sibiu si mozzarella x3 Rivoli,0,1,1,0,0,344.1,15.3,20.7,22.1
Sandwich cu salam x3 Rivoli,0,1,1,0,0,330.6,14.3,19.8,21.1
Sandwich cu salata de cruditati si pui 365,0,1,1,0,0,267,6.2,13.9,29.5
Sandwich cu snitel de pui Yummy Green up Papa verde,0,1,1,0,0,165.4,10.5,3,23.1
Sandwich Fillet KFC,0,1,1,0,0,227.1,16,8.5,21.5
Sandwich humus cu ardei copt Snack Attack,0,1,1,0,0,211,6.4,9.2,24.4
Sandwich muschi file si cascaval Sandwich Time,0,1,1,0,0,226.3,9.9,4.5,36.6
Sandwich muschi tiganesc si cascaval afumat Snack Attack,0,1,1,0,0,196,12.9,7.8,17.1
Sandwich piept pui grill Sandwich Time,0,1,1,0,0,225,14.2,5.8,29.1
Sandwich pui la grill si cruditati Snack Attack,0,1,1,0,0,186,11,6.5,19.6
Sandwich pui si ardei copt Snack Attack,0,1,1,0,0,154,11.3,3.4,18.9
Sandwich Sombrero Green up Papa verde,0,1,1,0,0,303,8.6,16.2,28.6
"Sandwich sunca curcan, cascaval, castraveti murati Ciao Green Up Papa Verde",0,1,1,0,0,287,8.1,12.8,33
Sandwich sunca de Praga si cascaval Sandwich Time,0,1,1,0,0,258,9.7,8.4,36
Sandwich sunca Praga si branza Cedar Snack Attack,0,1,1,0,0,196,12.9,7.8,18.4
Sandwich ton cu dressing de iaurt si hrean Snack Attack,0,1,1,0,0,243,10.3,11.1,24
Sandwich Tower burger KFC,0,1,1,0,0,280,10.8,14,27.9
Sandwich Tower burger vegetarian KFC,0,1,1,0,0,230.7,5.6,8.4,33.3
Sandwich Twister KFC,0,1,1,0,0,196.7,8.9,9.2,19.9
Sandwich Twister vegetarian KFC,0,1,1,0,0,241.2,5.6,8.3,36.2
Sandwich Veggie Party Subway,0,1,1,0,0,161,9,3.8,21.8
Sandwich vita si branza Subway,0,1,1,0,0,146.5,10.4,3,20.4
Sandwich Wikinger Nordsee,0,1,1,0,0,226,16,37,47
Sandwich Zinger KFC,0,1,1,0,0,267.9,15.7,12.3,23.7
Saratele cu branza Clarky's Plus,0,1,1,0,0,488,13,24,55
Shaorma,0,1,1,0,0,238,8.2,14.4,18.9
Snitel de curcan congelat Saga,0,1,1,0,0,194,14,10,12
Snitel din piept de pui semipreparat Sadia,0,1,1,0,0,208,15,10,14
Steak de peste congelat  Frosta,0,1,1,0,0,153,12.8,6,12
Strudel cu gem de caise Derpan,0,1,1,0,0,443,6.8,25.6,53.6
Suberec cu carne de vita,0,1,1,0,0,248.8,10.8,7,34.9
Tagliatelle cu somon salbatic Frosta,0,1,1,0,0,119,4.3,3,18.7
Taitei cu file din piept de pui Lidl,0,1,1,0,0,102,6.7,3.9,8.9
Torta mere Pizza Hut,0,1,1,0,0,200,15,9,15
Tortilla pui fajita Snack Attack,0,1,1,0,0,238.1,11.9,4.6,35.8
Alune invelite in ciocolata Sensations,1,1,1,0,0,480,14,21,56
Alune picante Crispers Chili Chio,1,1,1,0,0,525,12.4,33.6,41.5
Alune prajite si sarate Felix,1,1,1,0,0,596,25,49,14
Amestec fructe padure uscate si alune crude Fit food Kluth,1,1,1,0,0,370,7.3,16.6,47.7
Bake Rolls cu sare 7 Days,1,1,1,0,0,460,13,15,66
Bake rolls cu usturoi 7 Days,1,1,1,0,0,445,13,14.5,63.5
Bake Rolls multigrain usturoi 7 Days,1,1,1,0,0,460,13,17,61
Bake Rolls pizza 7 Days,1,1,1,0,0,496,14,16,71
Baton cereale cu fructe tropicale si iaurt Active Bar Rommac,1,1,1,0,0,321,6,2,77
Baton cereale cu smochine si prune Aptonia,1,1,1,0,0,335,30,12,26
Baton cereale pentru controlul greutatii Carrefour,1,1,1,0,0,307,10,9.5,57
Baton crocant cu caju Schock's,1,1,1,0,0,484,10,30.2,50.7
Baton cu cereale Carrefour,1,1,1,0,0,318,10,5.5,57
Baton cu cereale si ciocolata alba Fitness,1,1,1,0,0,388,5.6,7.4,67.7
Baton cu musli si mar First Nice,1,1,1,0,0,363,4.7,9.7,64
Baton cu musli si piersici FirstNice,1,1,1,0,0,432,6.2,18.2,60.8
"Baton cu musli, alune si cacao FirstNice",1,1,1,0,0,385,7.5,9.6,66.8
"Baton cu musli, cocos si cacao First Nice",1,1,1,0,0,427,7.2,18,60
"Baton cu musli, prune si iaurt First Nice",1,1,1,0,0,410,6.8,17.5,56.3
Baton cu smochine si prune Delhaize,1,1,1,0,0,372,3.4,5.4,77.4
Baton de susan cu alune Tastino,1,1,1,0,0,510,12.1,24.3,56.9
"Baton din fructe, cu nuci, cereale si scortisoara Nutribon",1,1,1,0,0,349,4.5,14.7,54.3
Baton energetic cu iaurt si portocala Das Gesunde Plus,1,1,1,0,0,137,4.2,4.2,20.7
Baton energizant cu cocos DM,1,1,1,0,0,421,22.2,15,49.1
Baton energizant Energy Bar Red Cat,1,1,1,0,0,429,10.3,17.5,56
Baton musli ciocolata Nestle,1,1,1,0,0,406,6.2,10.7,65.4
Baton musli cu arahide prajite Sirius,1,1,1,0,0,391,7.9,13.2,65.7
Baton nougat Weight Watchers,1,1,1,0,0,346,22.5,11.2,40.7
Baton proteic cu aroma de lamaie Herbalife,1,1,1,0,0,405,28,13,45
Baton proteic High Energy Bar Multifruct Isostar,1,1,1,0,0,392.5,5.5,9.2,72.2
Biscuit cu crema de iaurt Belvita,1,1,1,0,0,470,7.7,18,66
Biscuiti 4 cereale Belvita Start,1,1,1,0,0,445,8.7,15,69
Biscuiti cereale miere si alune de padure BelVita Start,1,1,1,0,0,465,7.9,17,68
Biscuiti cereale si fructe Belvita Start,1,1,1,0,0,455,8.2,16,67
Biscuiti Coconitos,1,1,1,0,0,431.3,9.1,9.7,76.9
Biscuiti cu afine si stafide Sultani,1,1,1,0,0,467,6.6,17.6,71.4
Biscuiti cu cacao BelVita Start,1,1,1,0,0,440,8.2,16,66
Biscuiti cu cereale si afine rosii BelVita Start,1,1,1,0,0,435,9.3,13,67
Biscuiti cu cereale si ciocolata Belvita Start,1,1,1,0,0,450,8.3,16,65
Biscuiti cu cereale si lapte Belvita start,1,1,1,0,0,450,8.5,15,68
Biscuiti cu cereale sursa de fibre Dita Rostar ,1,1,1,0,0,422,12.1,10.3,68.4
Biscuiti cu crema de vanilie Rollito,1,1,1,0,0,502.4,5.5,21.4,68.5
Biscuiti cu mar Digesta,1,1,1,0,0,453,6.8,18.7,61.3
Biscuiti cu mere si cereala Mara,1,1,1,0,0,258,6.8,1.4,59.6
Biscuiti cu miere Maia Rostar,1,1,1,0,0,353,8.8,9.2,59.4
Biscuiti cu multicereale Dita,1,1,1,0,0,420,10.7,8.5,73.6
Biscuiti cu piersici si caise Gerlinea,1,1,1,0,0,379,19.8,9.6,53.4
Biscuiti cu sare Gizi,1,1,1,0,0,473,5.8,21.4,64.3
Biscuiti cu soia si mar Gullon,1,1,1,0,0,436,8.3,18.3,59.3
Biscuiti cu susan Gerble,1,1,1,0,0,472,11.4,22.3,56.4
Biscuiti de casa,1,1,1,0,0,392,9.8,6.8,78
Biscuiti de ovaz Ovezano,1,1,1,0,0,390,5.4,14.3,69.3
Biscuiti dietetici cu muesli Gullon,1,1,1,0,0,457,8.4,28,61.2
Biscuiti dietetici inveliti cu ciocolata alba fara zahar Santiveri,1,1,1,0,0,468,7,26.5,61.4
Biscuiti digestivi Digesta Dobrogea,1,1,1,0,0,466,6.3,18.5,65.5
Biscuiti digestivi din faina integrala cu continut redus de grasimi Gullon,1,1,1,0,0,439,7.5,14.5,69.7
Biscuiti digestivi Tabiet Vel Pitar,1,1,1,0,0,492,6.3,19.4,73.2
Biscuiti digestivi Tower Gate Lidl,1,1,1,0,0,489,6.7,22.7,62.6
Biscuiti fara zahar cu chimen Dita RoStar,1,1,1,0,0,404,12.3,11.3,67
Biscuiti fara zahar Dita RoStar,1,1,1,0,0,399.8,12.3,11.3,62.3
Biscuiti fara zahar si fara fructoza Dorada Al Horno Gullon,1,1,1,0,0,453,6.5,19.1,68.5
Biscuiti Grancereale Frutta,1,1,1,0,0,462,7.5,19.5,59.5
Biscuiti Gusto Sarati Arcada,1,1,1,0,0,341,16,9,70
Biscuiti integrali Ottimini,1,1,1,0,0,460,7.8,19,64
Biscuiti Leibniz Diet,1,1,1,0,0,422,9.4,12,71
Biscuiti Marilu,1,1,1,0,0,470,6.6,18,70
Biscuiti multicereale fara zahar Dita,1,1,1,0,0,423.4,12.8,10.8,66.8
Biscuiti Original Tuc,1,1,1,0,0,522,7,28,60.5
Biscuiti pestisori cu susan Fischli,1,1,1,0,0,487,11,26,50
Biscuiti petit beurre 365 Mega Image,1,1,1,0,0,511,7,26,61
Biscuiti sarati Crackers Salati Salted Colussi,1,1,1,0,0,445,11,11,72
Biscuiti sarati cu chimen Soltino,1,1,1,0,0,479,7.7,21.5,63.7
Biscuiti simpli cu ciocolata Carrefour,1,1,1,0,0,501,6.8,22,69
Biscuiti Toplionca Nefis,1,1,1,0,0,444,8.1,15.1,69.2
Biscuiti Tuc,1,1,1,0,0,485,8.2,23,62
Biscuitit crackers cu faina integrala Tuc,1,1,1,0,0,434,11.9,13.2,63.3
Biscuits Favorina Spekulatius Spiced,1,1,1,0,0,472,5.8,18.7,70.2
Briose cu ciocolata Pan Goccioli Mulino Bianco,1,1,1,0,0,370,8,15.5,48.5
Bruschete cu ciuperci si smantana Maretti,1,1,1,0,0,465.5,8.8,18.8,65.5
Bruschete Mix de legume picante Maretti,1,1,1,0,0,465.5,8.8,18.8,65.5
Bruschete quatro formaggi Maretti,1,1,1,0,0,453.7,8.8,17.4,65.5
Cartofi prajiti Lay's Sticks,1,1,1,0,0,500,8,32,46
Chips cartofi,1,1,1,0,0,536,7.1,35.7,53.6
Chips Chio Barbeque,1,1,1,0,0,530,5.7,35,48
Chips copt cu Paprika Lay's,1,1,1,0,0,415,5.5,9.5,74
Chips cu aroma de pui la cuptor cu lamaie si cimbru Lay's Sensations,1,1,1,0,0,490,7.5,30,46
Chips cu branza Cheese Chio,1,1,1,0,0,553,5.5,35,16
Chips cu paprika Viva,1,1,1,0,0,504,5,26,62
Chips cu sare Lay's,1,1,1,0,0,530,6.5,35,47
Chips cu sare Lay's Baked Chips Salt,1,1,1,0,0,420,5,11,74
Chips cu sare Pringles,1,1,1,0,0,526,3.9,34,52
Chips cu sare Viva,1,1,1,0,0,506,5.4,26,63
Chips cu smantana si ceapa Pringles,1,1,1,0,0,517,4.1,33,52
Chips cu smantana si ierburi mediteranene Chio,1,1,1,0,0,524,5.7,34,50
Chips paprika Viva,1,1,1,0,0,489,5.5,23,65
Chips porumb cu sare Tornado Ryderz,1,1,1,0,0,513.2,5.5,29.9,55.5
Chips sete de bere Lay's,1,1,1,0,0,525,6.8,33,48
Chips Soltino,1,1,1,0,0,578,5,40,50
Chips Tortilas de porumb Poco Loco,1,1,1,0,0,309,8,7,51
Chips tortilla cu sare Doritos,1,1,1,0,0,489,7,23,61
Chips Xtreme Wasabi Chio Chips,1,1,1,0,0,509,5.8,30,52
Chipsuri cu aroma barbeque Lay's,1,1,1,0,0,525,6.6,34,48
Chipsuri cu aroma de paprika Mister Potato Crisps ,1,1,1,0,0,506,14.6,25,55.5
Chipsuri cu otet Walkers,1,1,1,0,0,519,5.9,30.8,52.6
Chipsuri cu porumb Pural,1,1,1,0,0,508,8,24,65
Chipsuri cu sare Chio,1,1,1,0,0,541,6,35,50
Chipsuri cu smantana si chili Svenska LantChips,1,1,1,0,0,499,8.3,27.6,55.1
Clip Sticks cu cascaval Ulker,1,1,1,0,0,434,7.1,8,82.8
Covricei cu sare Patis,1,1,1,0,0,430,3.6,11.2,76.7
Covrigei Cora,1,1,1,0,0,355,8.3,12.7,49.5
Covrigei cu aroma de pizza May Day,1,1,1,0,0,424,6.8,7.1,82.1
Covrigei cu chimen Mini Feast,1,1,1,0,0,465.4,9.2,15.8,66.6
Covrigei cu chimen Pavi,1,1,1,0,0,302.2,10,8.3,67
Covrigei cu mac Boromir,1,1,1,0,0,418,11.4,6.8,76.4
Covrigei cu mac Franzeluta,1,1,1,0,0,393.3,9.8,6.4,73.2
Covrigei cu mac Rollton,1,1,1,0,0,398,9.8,9.8,75.8
Covrigei cu mac si sare Circuss,1,1,1,0,0,446,11.8,7.5,69.5
Covrigei cu mac Solaris,1,1,1,0,0,110,2.9,9.1,3.1
"Covrigei cu rosii, busuioc, oregano Boromir",1,1,1,0,0,429,10.9,10.3,73.3
Covrigei cu sare Clip Pretzels Ulker,1,1,1,0,0,400,10,9.5,70
Covrigei cu sare Croco,1,1,1,0,0,403,11.8,8.9,68.8
Covrigei cu sare Dolce Diaco,1,1,1,0,0,424,6.8,7.1,82.1
Covrigei cu seminte de chimen No 1 Carrefour,1,1,1,0,0,276,8,8,43
Covrigei cu susan Carrefour,1,1,1,0,0,448,10.5,13.5,71
Covrigei cu tarate si ulei de masline May Day,1,1,1,0,0,448,10.7,14.4,89.1
Covrigei de Buzau,1,1,1,0,0,418,11.2,6.1,77.4
Covrigei mediteraneeni garden mix Dr. Krantz,1,1,1,0,0,467,8.1,18.1,68
Covrigei Pretzel crackers cu tarate Crispy Goodies May Day,1,1,1,0,0,413.3,11.7,6.5,77
Covrigei Pretzel crackers Original Snack Factory,1,1,1,0,0,399.6,10.5,3.8,80.8
Covrigei pretzels cu sare Tecsa,1,1,1,0,0,397,10.4,8,74.8
Covrigei simpli Luno,1,1,1,0,0,276,8,8,43
Covrigei tarate Alka,1,1,1,0,0,465,8.2,18.3,67
Covrigi cu mac Hai-Hui,1,1,1,0,0,446,11.8,13.4,69.5
Covrigi cu sare si mac Cornelius,1,1,1,0,0,345,7.8,1.9,72
Covrigi cu sare Toortitzi Alka,1,1,1,0,0,395,6.8,8,73.9
Covrigi din grau Galfim,1,1,1,0,0,412,12.7,12.7,70.2
Cracker cu ulei de masline si rozmarin Colussi,1,1,1,0,0,435,11.1,11.8,69.3
Crackeri cu cereale Crich,1,1,1,0,0,429,10.8,14,64.9
Crackeri din faina integrala Colussi,1,1,1,0,0,428,11,12,69
Crackers cu usturoi salbatic si parmezan Muhle,1,1,1,0,0,420,10,14,63
Crackers fara sare Colussi,1,1,1,0,0,441,11.2,12.2,69.8
Crakers integrali Crich,1,1,1,0,0,437,11.1,13,65.9
Crantanele cu sare Fiesta,1,1,1,0,0,530,1.9,32,58
Crochete cu branza si chimen Boromir,1,1,1,0,0,469,11,25,50
Croissant simplu Ikea,1,1,1,0,0,460,9,24,52
Fibrobar cu ceai verde Winny,1,1,1,0,0,395,25.7,17.2,31.7
Fructe mix uscate Food Snacking Fit Food Kluth,1,1,1,0,0,234,2.7,0.2,60.6
Galete porumb bio Mega Image,1,1,1,0,0,391,5.6,1.4,89
Grisine Allora,1,1,1,0,0,425.2,98.6,119.2,696.2
Grisine crocante Torinesi Mulino Bianco,1,1,1,0,0,401,10,8.3,71.6
Grisine cu aroma de smantana Pavi,1,1,1,0,0,267,8,7.2,42
Grisine cu branza Pavi,1,1,1,0,0,265.2,8.4,7.6,41.8
Grisine cu rozmarin Roberto,1,1,1,0,0,400,12,8,72
Grisine cu sare Boromir,1,1,1,0,0,327,9.6,5,61
Grisine cu sare Pavi,1,1,1,0,0,277,8,7,41
Grisine cu seminte de susan si mac Sfornatini,1,1,1,0,0,422,11.8,13.5,61
Grisine cu susan Primo,1,1,1,0,0,437,11,12.9,69.2
Grisine cu tarate de grau Mega Image,1,1,1,0,0,88,1.2,7.8,2.2
Grisine cu tarate de grau si ierburi mediteraneene 365,1,1,1,0,0,112.7,3,9.3,3.5
Grisine cu tarate si ulei de masline Crispy Goodies May Day,1,1,1,0,0,440.9,20.4,12.8,61.1
Grisine Friabili,1,1,1,0,0,398,10,6.6,75.2
Grisine graham Pavi,1,1,1,0,0,319,10,5.9,62.9
Grisine integrale La Mole,1,1,1,0,0,130,5,1,23
Grisine mari Crispy,1,1,1,0,0,85.5,5.5,4.3,5.8
Grisine simple Luno,1,1,1,0,0,265,8,7,42
Grisine simple Pavi,1,1,1,0,0,227.7,8.4,7.7,41.9
Grisine simple Winny,1,1,1,0,0,265,8,7,42
Inele din cereale Fun Zoo,1,1,1,0,0,384,6.4,1.9,83.8
Micro popcorn cu sare Chio,1,1,1,0,0,428,8.1,21,48
Mix brezel &crackers Croco,1,1,1,0,0,480,9.2,21.9,60
Mix fructe deshidratate si migdale Fitness Mix Nutline,1,1,1,0,0,399,8.5,15,57.4
Nachos Tortilla Chips Chili Casa Fiesta,1,1,1,0,0,500,6.5,23,65
Napolitane Sfogliatine Balocco,1,1,1,0,0,538,6.5,32,56
"Pesmeti  din paine de grau si secara,cu gust de icre rosii de somon Flint",1,1,1,0,0,365,10.3,11,58.6
Popcorn bacon Chio Micro,1,1,1,0,0,427.1,7.9,23.1,46.9
Popcorn cu aroma de branza Crox,1,1,1,0,0,419,8.3,19.4,47.7
Popcorn cu cascaval,1,1,1,0,0,475,11.5,21,60
Popcorn cu sare Chio,1,1,1,0,0,476,8.8,24,55
Popcorn cu unt pentru microunde Chio,1,1,1,0,0,414,8.3,18.5,49.5
Popcorn cu unt pentru microunde Star Foods,1,1,1,0,0,420,9.5,20,48
Popcorn fara ulei,1,1,1,0,0,397,12,4.2,77.9
Popcorn in ulei,1,1,1,0,0,518,9,28.1,57.1
Popcorn pentru microunde Chio,1,1,1,0,0,432,8.3,18.6,58
Popcorn pentru microunde cu sare Carrefour,1,1,1,0,0,462,8.3,24.3,52.7
Popcorn pentru microunde cu sare Chio,1,1,1,0,0,444,8.1,20.7,56.4
Popcorn pentru microunde cu sare Star,1,1,1,0,0,460,9,22,52
Porumb de floricele Winny,1,1,1,0,0,360.5,10.6,4.9,68.5
Porumb prajit cu sare Orlando's,1,1,1,0,0,640,24,55,13.2
Porumb prajit Mexicorn Mogyi,1,1,1,0,0,510,7.3,19.6,76
Porumb prajit MisterCorn,1,1,1,0,0,448,8,24,50
Pufuleti,1,1,1,0,0,445,5,22,58
Pufuleti Buggy Matias,1,1,1,0,0,294,6.4,1.5,62.1
Pufuleti Buggy Matias,1,1,1,0,0,435,7.5,9.1,80.8
Pufuleti cu arahide si alune de padure Star Foods,1,1,1,0,0,490,12,26,52
Pufuleti cu branza Duffy,1,1,1,0,0,405,5.7,12.8,64
Pufuleti cu cacao,1,1,1,0,0,417.7,8.6,10.7,70.7
Pufuleti cu cascaval Star,1,1,1,0,0,519,5,31,54
Pufuleti cu glazura de ciocolata Buggy Matias,1,1,1,0,0,507.5,7.3,22.1,66.2
Pufuleti cu gust de cascaval Circuss,1,1,1,0,0,519,5,31,54
Pufuleti cu lapte Duffy,1,1,1,0,0,440,7.6,15.2,65.4
Pufuleti cu sare Star Foods,1,1,1,0,0,440,7,16,66
Pufuleti cu ulei si sare Gusto,1,1,1,0,0,449,6.4,13.8,74.8
Pufuleti din malai Veverita Pofticioasa,1,1,1,0,0,440,7.3,12,58
Pufuleti Flippy Baia Mare,1,1,1,0,0,395,7.1,6.5,77
Pufuleti Gusturi Romanesti Mega Image,1,1,1,0,0,484,6.6,21.4,66
Pufuleti Lotto Best Foods,1,1,1,0,0,515,5.5,23,65
Pufuleti Proxi,1,1,1,0,0,237,9.8,10.9,71.5
Pufuleti simpli,1,1,1,0,0,431.7,8.6,13.8,67.7
Pufuleti simpli Gusto,1,1,1,0,0,435,7.5,9.1,80.8
Pufuleti simpli Speedy,1,1,1,0,0,456,6.2,18.5,63.3
Pufuleti Star Snacks Star Foods,1,1,1,0,0,480,7.5,30,46
Saleuri cu susan Alpin,1,1,1,0,0,368,6,22.5,35.4
"Sandwich cu branza feta, cascaval, ardei copt Branzarella Green Up Papa Verde",1,1,1,0,0,286,8.3,13,32
Sandwich cu piept de pui si cascaval Rivoli,1,1,1,0,0,206.1,13.1,7.5,19.8
"Sandwich cu salam uscat, pastrama de porc, crema de branza cu smantana Meat Me Green Up Papa Verde",1,1,1,0,0,298,7.5,14.5,32.6
Saratele chimen Giprod,1,1,1,0,0,326,10.3,3,74.2
Saratele crocante cu seminte dovleac si cascaval Alnatura,1,1,1,0,0,464,16.3,19.7,49.1
Saratele cu branza Circuss,1,1,1,0,0,373,13.7,6.8,62.7
Saratele cu cascaval Monte Banato,1,1,1,0,0,427,11.3,11,70.6
Saratele cu chimen Cheese CD Monte Banato,1,1,1,0,0,430,10.5,12.3,69.2
Saratele Fornetti,1,1,1,0,0,260,8.2,6.4,39.7
Saratele Monte Banato,1,1,1,0,0,475,14,2.5,73
Snack din porumb cu sare Star Snacks StarFoods,1,1,1,0,0,500,5,27,59
Snack portocale si ciocolata Delissima Kellogg's,1,1,1,0,0,399,4,10,74
Snack Tortitzi cu susan alb si negru,1,1,1,0,0,398,6.9,8.4,73.7
Snacks cu branza Olyps,1,1,1,0,0,521,6,33,50
Snacks cu gust de pizza Lotto Best Food,1,1,1,0,0,505,8,35,51
Snacksuri cu branza Kubeti,1,1,1,0,0,320.4,6.7,10.9,48.9
Snacksuri cu pizza Kubeti,1,1,1,0,0,396.9,6.4,16.9,54.9
Snacksuri cu pui Kubeti,1,1,1,0,0,446.9,7.8,15,68.8
Snacksuri de porumb cu branza Molenaartje,1,1,1,0,0,487,13,25,51
Snackuri cu gust de sunca Krax Original Bacon,1,1,1,0,0,440,2.4,23,55
Snackuri cu pizza Krax Fun Pizza,1,1,1,0,0,524,5,33,53
Snackuri Lotto Classic,1,1,1,0,0,525,7,35,46
Snackuri San Jacobo Froxa,1,1,1,0,0,179,8,5,26
Stick-uri cu susan Funta stick Salta Pinnar,1,1,1,0,0,403,13.6,10.5,63.6
Sticks Cheese Eti,1,1,1,0,0,470,9,18.2,63.5
Sticks Croco,1,1,1,0,0,398,8,13,67
Sticks Crusti Croc,1,1,1,0,0,377,11,4,71
Sticks cu cereale integrale si chimen Lillo Palillo,1,1,1,0,0,369.9,12,6.6,63.3
Sticks cu cereale integrale si ierburi aromatice Lollo Palillo,1,1,1,0,0,379.8,12.4,7.4,63.5
Sticks cu susan Croco,1,1,1,0,0,407,9.7,11.3,66.7
Sticks cu susan Eti,1,1,1,0,0,417,10.8,18.4,65.5
Sticks graham Soltino,1,1,1,0,0,366,11.8,6.4,61.6
Sticks long Croco,1,1,1,0,0,375,9,8,71
Sticks Stickletti Chio,1,1,1,0,0,377,11,4,71
Sticksuri Circus Lidl,1,1,1,0,0,405,9.7,5.7,60
Toast de secara cu gust de usturoi Flint,1,1,1,0,0,325,9.7,11,75.1
Tortilla chips cascaval Chio,1,1,1,0,0,465,6.6,22,60
Tortilla chips cu sare Kaufland Classic,1,1,1,0,0,472,6.6,20,69.4
Tortilla chips Delhaize,1,1,1,0,0,493,6.7,22,60.3
Tortilla chips sare Chio,1,1,1,0,0,476,5.4,22,62
Tortillas chips gout fromage Carrefour,1,1,1,0,0,493,6.7,22,67
Placinta clasica cu branza Bella,1,1,1,0,0,363,4,29,18
